sample_id,tinggi_cm,diameter_cm,jumlah_kanopi,minggu,plot
1,29,0.4,1,1,Plot 1
2,31,0.5,1,1,Plot 1
3,25,0.5,1,1,Plot 1
4,30,0.5,1,1,Plot 1
5,32,0.4,1,1,Plot 1
6,28,0.5,1,1,Plot 1
7,36,0.6,2,1,Plot 1
8,28,0.6,1,1,Plot 1
9,35,0.5,1,1,Plot 1
10,27,0.4,1,1,Plot 1
11,27,0.3,1,1,Plot 1
12,31,0.6,2,1,Plot 1
13,25,0.4,1,1,Plot 1
14,32,0.5,1,1,Plot 1
15,34,0.5,2,1,Plot 1
16,32,0.5,1,1,Plot 1
17,30,0.4,1,1,Plot 1
18,31,0.5,1,1,Plot 1
19,33,0.5,2,1,Plot 1
20,26,0.6,1,1,Plot 1
21,37,0.6,1,1,Plot 1
22,35,0.5,1,1,Plot 1
23,35,0.4,2,1,Plot 1
24,32,0.6,1,1,Plot 1
25,31,0.5,1,1,Plot 1
26,24,0.6,1,1,Plot 1
27,32,0.7,1,1,Plot 1
28,34,0.5,1,1,Plot 1
29,28,0.5,1,1,Plot 1
30,30,0.4,1,1,Plot 1
31,28,0.5,1,1,Plot 1
32,32,0.5,1,1,Plot 1
33,30,0.5,1,1,Plot 1
34,35,0.5,2,1,Plot 1
35,26,0.6,1,1,Plot 1
36,27,0.6,1,1,Plot 1
37,30,0.7,1,1,Plot 1
38,34,0.7,2,1,Plot 1
39,29,0.6,1,1,Plot 1
40,34,0.5,2,1,Plot 1
41,24,0.3,1,1,Plot 1
42,28,0.6,1,1,Plot 1
43,36,0.6,1,1,Plot 1
44,32,0.5,2,1,Plot 1
45,31,0.4,1,1,Plot 1
46,24,0.5,1,1,Plot 1
47,32,0.5,1,1,Plot 1
48,27,0.6,1,1,Plot 1
49,32,0.5,1,1,Plot 1
50,29,0.5,1,1,Plot 1
1,32,0.5,1,2,Plot 1
2,33,0.5,1,2,Plot 1
3,29,0.6,1,2,Plot 1
4,30,0.6,1,2,Plot 1
5,33,0.5,1,2,Plot 1
6,28,0.5,1,2,Plot 1
7,38,0.7,2,2,Plot 1
8,29,0.7,1,2,Plot 1
9,36,0.6,1,2,Plot 1
10,30,0.5,1,2,Plot 1
11,27,0.4,1,2,Plot 1
12,34,0.6,2,2,Plot 1
13,29,0.4,1,2,Plot 1
14,32,0.6,1,2,Plot 1
15,38,0.7,2,2,Plot 1
16,36,0.6,1,2,Plot 1
17,30,0.4,1,2,Plot 1
18,35,0.6,1,2,Plot 1
19,36,0.7,2,2,Plot 1
20,29,0.6,1,2,Plot 1
21,37,0.6,1,2,Plot 1
22,35,0.6,1,2,Plot 1
23,39,0.6,2,2,Plot 1
24,35,0.5,1,2,Plot 1
25,33,0.6,1,2,Plot 1
26,26,0.7,1,2,Plot 1
27,35,0.8,1,2,Plot 1
28,35,0.6,1,2,Plot 1
29,31,0.5,1,2,Plot 1
30,34,0.4,1,2,Plot 1
31,31,0.6,1,2,Plot 1
32,35,0.6,1,2,Plot 1
33,30,0.5,1,2,Plot 1
34,37,0.6,2,2,Plot 1
35,26,0.6,1,2,Plot 1
36,29,0.6,1,2,Plot 1
37,30,0.7,1,2,Plot 1
38,37,0.7,2,2,Plot 1
39,30,0.6,1,2,Plot 1
40,36,0.5,2,2,Plot 1
41,27,0.4,1,2,Plot 1
42,30,0.6,1,2,Plot 1
43,37,0.6,1,2,Plot 1
44,35,0.6,2,2,Plot 1
45,34,0.5,1,2,Plot 1
46,26,0.6,1,2,Plot 1
47,32,0.5,1,2,Plot 1
48,27,0.7,1,2,Plot 1
49,32,0.6,1,2,Plot 1
50,31,0.6,1,2,Plot 1
1,34,0.5,1,3,Plot 1
2,37,0.6,1,3,Plot 1
3,31,0.6,1,3,Plot 1
4,32,0.7,1,3,Plot 1
5,35,0.6,1,3,Plot 1
6,30,0.5,1,3,Plot 1
7,40,0.8,2,3,Plot 1
8,34,0.7,1,3,Plot 1
9,41,0.7,1,3,Plot 1
10,35,0.8,1,3,Plot 1
11,28,0.4,1,3,Plot 1
12,38,0.8,2,3,Plot 1
13,34,0.6,1,3,Plot 1
14,39,0.9,1,3,Plot 1
15,45,0.6,2,3,Plot 1
16,41,0.7,1,3,Plot 1
17,37,0.6,1,3,Plot 1
18,38,0.6,1,3,Plot 1
19,40,0.7,2,3,Plot 1
20,32,0.7,1,3,Plot 1
21,39,0.8,1,3,Plot 1
22,37,0.6,1,3,Plot 1
23,43,0.9,2,3,Plot 1
24,41,0.7,1,3,Plot 1
25,36,0.6,1,3,Plot 1
26,28,0.8,1,3,Plot 1
27,37,0.9,1,3,Plot 1
28,38,0.7,1,3,Plot 1
29,32,0.6,1,3,Plot 1
30,39,0.6,1,3,Plot 1
31,32,0.7,1,3,Plot 1
32,38,0.7,1,3,Plot 1
33,33,0.7,1,3,Plot 1
34,38,0.7,2,3,Plot 1
35,28,0.9,1,3,Plot 1
36,31,0.6,1,3,Plot 1
37,37,0.9,1,3,Plot 1
38,42,0.9,2,3,Plot 1
39,36,0.8,1,3,Plot 1
40,41,0.7,2,3,Plot 1
41,28,0.6,1,3,Plot 1
42,37,0.6,1,3,Plot 1
43,41,0.7,1,3,Plot 1
44,39,0.8,2,3,Plot 1
45,35,0.7,1,3,Plot 1
46,30,0.6,1,3,Plot 1
47,36,0.7,1,3,Plot 1
48,31,0.7,1,3,Plot 1
49,34,0.7,1,3,Plot 1
50,32,0.6,1,3,Plot 1
1,36,0.9,1,4,Plot 1
2,41,0.8,1,4,Plot 1
3,42,0.8,1,4,Plot 1
4,40,0.9,1,4,Plot 1
5,37,0.8,1,4,Plot 1
6,32,0.7,1,4,Plot 1
7,42,1,2,4,Plot 1
8,36,0.9,1,4,Plot 1
9,41,0.9,1,4,Plot 1
10,37,1.1,1,4,Plot 1
11,36,0.8,1,4,Plot 1
12,46,1.2,2,4,Plot 1
13,35,0.8,1,4,Plot 1
14,41,1.1,2,4,Plot 1
15,45,0.8,2,4,Plot 1
16,41,0.9,1,4,Plot 1
17,37,0.8,1,4,Plot 1
18,40,0.8,1,4,Plot 1
19,40,0.9,2,4,Plot 1
20,39,0.9,1,4,Plot 1
21,47,1,2,4,Plot 1
22,43,0.8,1,4,Plot 1
23,45,1.2,2,4,Plot 1
24,43,0.9,1,4,Plot 1
25,36,0.8,1,4,Plot 1
26,34,1,1,4,Plot 1
27,39,1.1,1,4,Plot 1
28,40,0.9,1,4,Plot 1
29,39,0.8,1,4,Plot 1
30,41,0.8,2,4,Plot 1
31,32,0.9,1,4,Plot 1
32,40,0.9,1,4,Plot 1
33,35,0.9,1,4,Plot 1
34,38,0.9,2,4,Plot 1
35,36,1.1,1,4,Plot 1
36,37,0.8,1,4,Plot 1
37,39,1.2,1,4,Plot 1
38,44,1.1,2,4,Plot 1
39,38,1,1,4,Plot 1
40,43,0.9,2,4,Plot 1
41,35,0.8,1,4,Plot 1
42,39,0.8,2,4,Plot 1
43,43,0.9,1,4,Plot 1
44,41,1,2,4,Plot 1
45,37,0.9,1,4,Plot 1
46,32,0.8,1,4,Plot 1
47,36,0.9,2,4,Plot 1
48,39,0.9,1,4,Plot 1
49,35,0.9,1,4,Plot 1
50,34,0.8,1,4,Plot 1
1,39,1.3,1,5,Plot 1
2,43,1.2,1,5,Plot 1
3,50,1.2,1,5,Plot 1
4,44,1.1,1,5,Plot 1
5,40,1,1,5,Plot 1
6,34,0.9,1,5,Plot 1
7,44,1.2,2,5,Plot 1
8,38,1.1,1,5,Plot 1
9,41,1.1,2,5,Plot 1
10,39,1.3,1,5,Plot 1
11,44,1.2,1,5,Plot 1
12,57,1.5,2,5,Plot 1
13,37,1,1,5,Plot 1
14,43,1.3,2,5,Plot 1
15,45,1,2,5,Plot 1
16,41,1.1,2,5,Plot 1
17,37,1,1,5,Plot 1
18,42,1,2,5,Plot 1
19,40,1.1,2,5,Plot 1
20,46,1.3,1,5,Plot 1
21,52,1.5,2,5,Plot 1
22,49,1,1,5,Plot 1
23,47,1.4,2,5,Plot 1
24,45,1.1,1,5,Plot 1
25,36,1,1,5,Plot 1
26,39,1.2,1,5,Plot 1
27,41,1.3,1,5,Plot 1
28,47,1.1,1,5,Plot 1
29,46,1,1,5,Plot 1
30,43,1,2,5,Plot 1
31,32,1.1,1,5,Plot 1
32,42,1.1,1,5,Plot 1
33,37,1.1,1,5,Plot 1
34,38,1.1,2,5,Plot 1
35,42,1.3,1,5,Plot 1
36,43,1,1,5,Plot 1
37,41,1.4,1,5,Plot 1
38,46,1.3,2,5,Plot 1
39,40,1.2,1,5,Plot 1
40,45,1.1,2,5,Plot 1
41,41,1,1,5,Plot 1
42,41,1,2,5,Plot 1
43,45,1.1,2,5,Plot 1
44,43,1.2,2,5,Plot 1
45,39,1.1,1,5,Plot 1
46,34,1,1,5,Plot 1
47,36,1.1,2,5,Plot 1
48,48,1.5,2,5,Plot 1
49,35,1.1,2,5,Plot 1
50,36,1,1,5,Plot 1
1,42,1.8,2,6,Plot 1
2,49,1.6,2,6,Plot 1
3,58,1.6,2,6,Plot 1
4,48,1.4,2,6,Plot 1
5,45,1.6,1,6,Plot 1
6,42,1.2,1,6,Plot 1
7,54,1.9,2,6,Plot 1
8,42,1.7,2,6,Plot 1
9,41,1.4,2,6,Plot 1
10,42,1.3,1,6,Plot 1
11,52,1.6,2,6,Plot 1
12,61,2,2,6,Plot 1
13,38,1.4,1,6,Plot 1
14,50,1.4,1,6,Plot 1
15,47,1.5,2,6,Plot 1
16,43,1.2,1,6,Plot 1
17,38,1.3,1,6,Plot 1
18,47,1.3,2,6,Plot 1
19,42,1.2,1,6,Plot 1
20,50,1.7,2,6,Plot 1
21,55,2,2,6,Plot 1
22,57,1.6,2,6,Plot 1
23,49,1.4,2,6,Plot 1
24,53,1.6,2,6,Plot 1
25,38,1.4,1,6,Plot 1
26,42,1.2,1,6,Plot 1
27,43,1.4,1,6,Plot 1
28,50,1.9,2,6,Plot 1
29,52,1.6,1,6,Plot 1
30,46,1.8,1,6,Plot 1
31,32,1,1,6,Plot 1
32,43,1.4,1,6,Plot 1
33,36,1.2,1,6,Plot 1
34,39,1.3,1,6,Plot 1
35,46,1.6,2,6,Plot 1
36,45,1.7,1,6,Plot 1
37,44,1.6,1,6,Plot 1
38,56,2,1,6,Plot 1
39,44,1.9,2,6,Plot 1
40,49,1.5,1,6,Plot 1
41,44,1.5,1,6,Plot 1
42,54,1.7,1,6,Plot 1
43,47,1.7,2,6,Plot 1
44,43,1.6,2,6,Plot 1
45,47,1.8,2,6,Plot 1
46,43,1.4,1,6,Plot 1
47,36,1.1,1,6,Plot 1
48,53,2,2,6,Plot 1
49,37,1.6,1,6,Plot 1
50,40,1.9,2,6,Plot 1
1,44,2,2,7,Plot 1
2,51,2.8,2,7,Plot 1
3,63,1.8,2,7,Plot 1
4,51,1.5,2,7,Plot 1
5,46,1.6,1,7,Plot 1
6,41,1.2,1,7,Plot 1
7,53,1.9,2,7,Plot 1
8,44,1.6,2,7,Plot 1
9,44,1.6,2,7,Plot 1
10,45,1.6,1,7,Plot 1
11,54,1.7,2,7,Plot 1
12,76,2.1,2,7,Plot 1
13,42,1.5,1,7,Plot 1
14,52,1.6,1,7,Plot 1
15,51,1.5,2,7,Plot 1
16,46,1.4,1,7,Plot 1
17,41,1.5,1,7,Plot 1
18,49,1.3,2,7,Plot 1
19,44,1.3,1,7,Plot 1
20,60,1.7,2,7,Plot 1
21,62,2.1,2,7,Plot 1
22,58,1.6,2,7,Plot 1
23,53,1.9,2,7,Plot 1
24,55,1.6,2,7,Plot 1
25,39,1.4,1,7,Plot 1
26,46,1.4,1,7,Plot 1
27,48,1.6,1,7,Plot 1
28,56,2,2,7,Plot 1
29,55,1.6,1,7,Plot 1
30,50,1.9,1,7,Plot 1
31,33,1.2,1,7,Plot 1
32,51,1.5,1,7,Plot 1
33,39,1.4,1,7,Plot 1
34,40,1.4,1,7,Plot 1
35,58,1.7,2,7,Plot 1
36,52,1.6,1,7,Plot 1
37,47,1.8,1,7,Plot 1
38,57,2,1,7,Plot 1
39,54,1.9,2,7,Plot 1
40,52,1.6,1,7,Plot 1
41,52,1.6,1,7,Plot 1
42,55,1.6,1,7,Plot 1
43,54,1.7,2,7,Plot 1
44,47,1.7,2,7,Plot 1
45,47,1.8,2,7,Plot 1
46,44,1.4,1,7,Plot 1
47,38,1.3,1,7,Plot 1
48,63,2,2,7,Plot 1
49,38,1.6,1,7,Plot 1
50,48,1.7,2,7,Plot 1
1,47,2,2,8,Plot 1
2,55,1.9,2,8,Plot 1
3,70,2,3,8,Plot 1
4,55,1.7,2,8,Plot 1
5,48,1.8,1,8,Plot 1
6,44,1.3,1,8,Plot 1
7,56,2.1,2,8,Plot 1
8,47,1.8,2,8,Plot 1
9,45,1.7,2,8,Plot 1
10,48,1.8,1,8,Plot 1
11,59,2,2,8,Plot 1
12,84,2.4,3,8,Plot 1
13,45,1.7,1,8,Plot 1
14,56,1.8,2,8,Plot 1
15,53,1.6,2,8,Plot 1
16,48,1.5,1,8,Plot 1
17,43,1.6,1,8,Plot 1
18,52,1.5,2,8,Plot 1
19,46,1.5,1,8,Plot 1
20,66,2,3,8,Plot 1
21,67,2.4,3,8,Plot 1
22,63,1.7,3,8,Plot 1
23,55,2,2,8,Plot 1
24,59,1.8,2,8,Plot 1
25,41,1.6,1,8,Plot 1
26,50,1.5,1,8,Plot 1
27,51,1.7,1,8,Plot 1
28,61,2.1,2,8,Plot 1
29,60,1.8,2,8,Plot 1
30,53,2,2,8,Plot 1
31,34,1.3,1,8,Plot 1
32,54,1.7,2,8,Plot 1
33,40,1.5,1,8,Plot 1
34,40,1.6,1,8,Plot 1
35,64,2,2,8,Plot 1
36,57,1.8,2,8,Plot 1
37,50,2,1,8,Plot 1
38,61,2.2,2,8,Plot 1
39,58,2.1,2,8,Plot 1
40,55,1.8,1,8,Plot 1
41,57,1.8,1,8,Plot 1
42,59,1.8,2,8,Plot 1
43,57,1.9,2,8,Plot 1
44,49,1.9,2,8,Plot 1
45,50,2.1,2,8,Plot 1
46,47,1.8,1,8,Plot 1
47,39,1.4,1,8,Plot 1
48,70,2.3,2,8,Plot 1
49,39,1.8,1,8,Plot 1
50,52,2,2,8,Plot 1
1,49,2.2,2,9,Plot 1
2,58,2.1,3,9,Plot 1
3,77,2.4,4,9,Plot 1
4,59,1.8,2,9,Plot 1
5,51,2,2,9,Plot 1
6,48,1.5,2,9,Plot 1
7,64,2.3,3,9,Plot 1
8,50,2,2,9,Plot 1
9,46,1.8,2,9,Plot 1
10,51,2,2,9,Plot 1
11,65,2.2,2,9,Plot 1
12,93,2.7,3,9,Plot 1
13,47,1.9,2,9,Plot 1
14,59,2,2,9,Plot 1
15,56,1.8,2,9,Plot 1
16,50,1.7,2,9,Plot 1
17,46,1.8,2,9,Plot 1
18,55,1.6,2,9,Plot 1
19,50,1.6,2,9,Plot 1
20,73,2.2,3,9,Plot 1
21,72,2.6,3,9,Plot 1
22,67,1.9,3,9,Plot 1
23,58,2.2,2,9,Plot 1
24,63,2,2,9,Plot 1
25,42,1.7,2,9,Plot 1
26,53,1.7,2,9,Plot 1
27,53,1.9,2,9,Plot 1
28,65,2.3,2,9,Plot 1
29,65,2,2,9,Plot 1
30,56,2.2,2,9,Plot 1
31,35,1.5,1,9,Plot 1
32,57,1.8,2,9,Plot 1
33,42,1.7,2,9,Plot 1
34,41,1.7,2,9,Plot 1
35,70,2.2,2,9,Plot 1
36,62,2,2,9,Plot 1
37,53,2.2,2,9,Plot 1
38,65,2.5,2,9,Plot 1
39,63,2.4,2,9,Plot 1
40,58,2,2,9,Plot 1
41,62,2,2,9,Plot 1
42,64,2,2,9,Plot 1
43,62,2.1,2,9,Plot 1
44,52,2.1,2,9,Plot 1
45,55,2.3,2,9,Plot 1
46,51,1.8,2,9,Plot 1
47,42,1.6,2,9,Plot 1
48,77,2.6,2,9,Plot 1
49,40,2,2,9,Plot 1
50,55,2.2,2,9,Plot 1
1,52,2.5,2,10,Plot 1
2,62,2.3,3,10,Plot 1
3,84,2.8,4,10,Plot 1
4,63,2,2,10,Plot 1
5,53,2.2,2,10,Plot 1
6,49,1.6,2,10,Plot 1
7,63,2.6,3,10,Plot 1
8,53,2.2,2,10,Plot 1
9,48,2,2,10,Plot 1
10,54,2.2,2,10,Plot 1
11,70,2.5,3,10,Plot 1
12,101,3,5,10,Plot 1
13,50,2.1,2,10,Plot 1
14,63,2.2,3,10,Plot 1
15,58,2,2,10,Plot 1
16,52,1.8,2,10,Plot 1
17,46,2,2,10,Plot 1
18,58,1.8,2,10,Plot 1
19,49,1.8,2,10,Plot 1
20,79,2.4,3,10,Plot 1
21,77,2.9,3,10,Plot 1
22,72,2.1,3,10,Plot 1
23,61,2.4,2,10,Plot 1
24,67,2.2,2,10,Plot 1
25,43,1.9,2,10,Plot 1
26,57,1.8,2,10,Plot 1
27,56,2,2,10,Plot 1
28,69,2.6,2,10,Plot 1
29,70,2.2,2,10,Plot 1
30,59,2.5,2,10,Plot 1
31,35,1.6,2,10,Plot 1
32,60,2,2,10,Plot 1
33,43,1.8,2,10,Plot 1
34,42,1.9,2,10,Plot 1
35,76,2.4,3,10,Plot 1
36,66,2.2,2,10,Plot 1
37,56,2.4,2,10,Plot 1
38,69,2.7,3,10,Plot 1
39,67,2.6,3,10,Plot 1
40,61,2.2,3,10,Plot 1
41,67,2.3,3,10,Plot 1
42,69,2.2,3,10,Plot 1
43,63,2.3,3,10,Plot 1
44,54,2.3,2,10,Plot 1
45,55,2.6,3,10,Plot 1
46,54,2.1,2,10,Plot 1
47,41,1.7,2,10,Plot 1
48,84,2.8,4,10,Plot 1
49,41,2.2,2,10,Plot 1
50,59,2.5,2,10,Plot 1
1,54,3,2,11,Plot 1
2,66,2.5,3,11,Plot 1
3,90,3,6,11,Plot 1
4,67,2.2,3,11,Plot 1
5,56,2.5,3,11,Plot 1
6,52,1.8,2,11,Plot 1
7,66,2.8,3,11,Plot 1
8,56,2.4,2,11,Plot 1
9,49,2.2,2,11,Plot 1
10,57,2.4,2,11,Plot 1
11,75,2.8,3,11,Plot 1
12,109,3.3,6,11,Plot 1
13,52,2.3,2,11,Plot 1
14,66,2.4,3,11,Plot 1
15,61,2.2,2,11,Plot 1
16,54,1.9,2,11,Plot 1
17,48,2.1,2,11,Plot 1
18,61,2,3,11,Plot 1
19,51,1.9,2,11,Plot 1
20,85,2.6,5,11,Plot 1
21,81,3.2,3,11,Plot 1
22,77,2.3,4,11,Plot 1
23,64,2.6,3,11,Plot 1
24,71,2.4,3,11,Plot 1
25,44,2.1,2,11,Plot 1
26,61,1.9,3,11,Plot 1
27,59,2.1,3,11,Plot 1
28,73,2.8,3,11,Plot 1
29,75,2.4,3,11,Plot 1
30,62,2.8,2,11,Plot 1
31,36,1.7,2,11,Plot 1
32,64,2.2,3,11,Plot 1
33,45,2,2,11,Plot 1
34,42,2.1,2,11,Plot 1
35,82,2.6,4,11,Plot 1
36,71,2.4,4,11,Plot 1
37,59,2.6,2,11,Plot 1
38,73,2.9,4,11,Plot 1
39,71,2.8,3,11,Plot 1
40,64,2.4,3,11,Plot 1
41,73,2.5,4,11,Plot 1
42,74,2.4,4,11,Plot 1
43,66,2.5,3,11,Plot 1
44,56,2.6,2,11,Plot 1
45,58,2.8,3,11,Plot 1
46,57,2.2,2,11,Plot 1
47,42,1.9,2,11,Plot 1
48,90,3.1,5,11,Plot 1
49,42,2.4,2,11,Plot 1
50,63,2.7,2,11,Plot 1
1,59,3.4,3,12,Plot 1
2,72,2.9,4,12,Plot 1
3,100,3.4,7,12,Plot 1
4,71,2.4,4,12,Plot 1
5,58,2.8,4,12,Plot 1
6,54,1.9,3,12,Plot 1
7,72,3,4,12,Plot 1
8,59,2.6,3,12,Plot 1
9,50,2.4,2,12,Plot 1
10,63,2.6,3,12,Plot 1
11,80,3,4,12,Plot 1
12,114,3.6,7,12,Plot 1
13,59,2.5,2,12,Plot 1
14,72,2.6,4,12,Plot 1
15,63,2.3,2,12,Plot 1
16,56,2.1,2,12,Plot 1
17,50,2.5,2,12,Plot 1
18,64,2.1,3,12,Plot 1
19,52,2,2,12,Plot 1
20,91,2.9,6,12,Plot 1
21,86,2.6,3,12,Plot 1
22,88,2.6,4,12,Plot 1
23,66,3,3,12,Plot 1
24,75,2.6,3,12,Plot 1
25,49,2.2,2,12,Plot 1
26,65,2.1,3,12,Plot 1
27,62,2.3,3,12,Plot 1
28,78,3.2,4,12,Plot 1
29,80,2.8,4,12,Plot 1
30,65,3.1,2,12,Plot 1
31,37,1.8,2,12,Plot 1
32,67,2.4,4,12,Plot 1
33,46,2.2,2,12,Plot 1
34,43,2.2,2,12,Plot 1
35,88,2.8,5,12,Plot 1
36,76,2.7,4,12,Plot 1
37,62,2.8,2,12,Plot 1
38,77,3.2,4,12,Plot 1
39,76,3.2,3,12,Plot 1
40,67,2.6,3,12,Plot 1
41,78,2.8,4,12,Plot 1
42,78,2.6,4,12,Plot 1
43,69,2.7,3,12,Plot 1
44,59,2.8,2,12,Plot 1
45,61,3.1,3,12,Plot 1
46,61,2.4,3,12,Plot 1
47,42,2.2,2,12,Plot 1
48,97,3.4,6,12,Plot 1
49,43,2.8,2,12,Plot 1
50,66,3.1,2,12,Plot 1
1,59,3.6,3,13,Plot 1
2,73,3.1,4,13,Plot 1
3,104,3.9,8,13,Plot 1
4,75,2.5,4,13,Plot 1
5,61,2.9,4,13,Plot 1
6,57,2.2,3,13,Plot 1
7,72,3.3,4,13,Plot 1
8,61,2.8,4,13,Plot 1
9,51,2.5,3,13,Plot 1
10,63,3,4,13,Plot 1
11,86,3.5,4,13,Plot 1
12,120,4,8,13,Plot 1
13,57,2.7,3,13,Plot 1
14,73,2.8,4,13,Plot 1
15,66,2.5,4,13,Plot 1
16,58,2.3,3,13,Plot 1
17,51,2.5,3,13,Plot 1
18,67,2.3,4,13,Plot 1
19,54,2.2,3,13,Plot 1
20,98,3.1,7,13,Plot 1
21,91,3.8,3,13,Plot 1
22,86,2.7,5,13,Plot 1
23,69,3.1,4,13,Plot 1
24,79,3,4,13,Plot 1
25,47,2.4,2,13,Plot 1
26,69,2.2,4,13,Plot 1
27,64,2.4,3,13,Plot 1
28,82,3.3,5,13,Plot 1
29,85,2.8,4,13,Plot 1
30,68,3.3,4,13,Plot 1
31,37,1.9,3,13,Plot 1
32,70,2.6,4,13,Plot 1
33,48,2.3,3,13,Plot 1
34,44,2.4,3,13,Plot 1
35,95,3,5,13,Plot 1
36,80,2.8,4,13,Plot 1
37,65,3,3,13,Plot 1
38,81,3.4,4,13,Plot 1
39,80,3.3,4,13,Plot 1
40,70,2.8,4,13,Plot 1
41,83,2.9,6,13,Plot 1
42,83,2.8,4,13,Plot 1
43,73,2.9,5,13,Plot 1
44,61,3,3,13,Plot 1
45,63,3.3,4,13,Plot 1
46,64,2.6,4,13,Plot 1
47,43,2.2,3,13,Plot 1
48,104,3.7,8,13,Plot 1
49,44,3.1,3,13,Plot 1
50,70,3.2,3,13,Plot 1
1,64,3.6,4,14,Plot 1
2,76,3.2,5,14,Plot 1
3,111,4,9,14,Plot 1
4,79,2.7,5,14,Plot 1
5,63,3.1,4,14,Plot 1
6,59,2.2,4,14,Plot 1
7,75,3.5,4,14,Plot 1
8,64,3,4,14,Plot 1
9,53,2.7,3,14,Plot 1
10,66,3.1,4,14,Plot 1
11,91,3.6,4,14,Plot 1
12,124,4.1,8,14,Plot 1
13,60,2.9,4,14,Plot 1
14,77,3,4,14,Plot 1
15,68,2.7,4,14,Plot 1
16,60,2.4,4,14,Plot 1
17,53,2.7,3,14,Plot 1
18,70,2.4,4,14,Plot 1
19,56,2.3,3,14,Plot 1
20,104,3.3,8,14,Plot 1
21,96,4.1,5,14,Plot 1
22,90,2.9,6,14,Plot 1
23,72,3.3,6,14,Plot 1
24,83,3,6,14,Plot 1
25,48,2.6,3,14,Plot 1
26,73,2.3,4,14,Plot 1
27,67,2.6,3,14,Plot 1
28,86,3.6,5,14,Plot 1
29,90,3,6,14,Plot 1
30,76,3.5,4,14,Plot 1
31,38,2.1,3,14,Plot 1
32,73,2.7,5,14,Plot 1
33,49,2.5,3,14,Plot 1
34,44,2.6,3,14,Plot 1
35,101,3.2,6,14,Plot 1
36,85,3,5,14,Plot 1
37,68,3.2,3,14,Plot 1
38,85,3.7,5,14,Plot 1
39,85,3.6,5,14,Plot 1
40,75,3,4,14,Plot 1
41,88,3.2,6,14,Plot 1
42,88,3,6,14,Plot 1
43,76,3.1,5,14,Plot 1
44,63,3.2,4,14,Plot 1
45,66,3.6,4,14,Plot 1
46,68,2.8,4,14,Plot 1
47,48,2.3,3,14,Plot 1
48,111,3.9,8,14,Plot 1
49,45,3.1,3,14,Plot 1
50,74,3.4,5,14,Plot 1
1,64,3.6,5,15,Plot 1
2,80,3.4,5,15,Plot 1
3,118,4.2,9,15,Plot 1
4,83,2.9,5,15,Plot 1
5,66,3.3,6,15,Plot 1
6,62,2.3,6,15,Plot 1
7,78,3.7,6,15,Plot 1
8,67,3.2,6,15,Plot 1
9,54,2.9,4,15,Plot 1
10,69,3.3,4,15,Plot 1
11,96,3.8,4,15,Plot 1
12,127,4.4,8,15,Plot 1
13,63,3.1,4,15,Plot 1
14,81,3.2,6,15,Plot 1
15,71,2.9,5,15,Plot 1
16,62,2.5,4,15,Plot 1
17,55,2.9,3,15,Plot 1
18,73,2.6,5,15,Plot 1
19,57,2.5,3,15,Plot 1
20,110,3.5,8,15,Plot 1
21,101,4.3,5,15,Plot 1
22,95,3.1,7,15,Plot 1
23,75,3.5,7,15,Plot 1
24,87,3.2,6,15,Plot 1
25,49,2.8,3,15,Plot 1
26,77,2.5,4,15,Plot 1
27,70,2.7,3,15,Plot 1
28,90,3.8,5,15,Plot 1
29,95,3.2,6,15,Plot 1
30,75,3.8,4,15,Plot 1
31,39,2.2,3,15,Plot 1
32,77,2.9,6,15,Plot 1
33,51,2.6,3,15,Plot 1
34,45,2.7,3,15,Plot 1
35,107,3.4,8,15,Plot 1
36,90,3.2,5,15,Plot 1
37,71,3.4,3,15,Plot 1
38,89,3.9,5,15,Plot 1
39,89,3.8,5,15,Plot 1
40,76,3.2,4,15,Plot 1
41,93,3.4,7,15,Plot 1
42,92,3.2,7,15,Plot 1
43,79,3.3,6,15,Plot 1
44,65,3.4,4,15,Plot 1
45,69,3.9,5,15,Plot 1
46,71,3,4,15,Plot 1
47,45,2.4,3,15,Plot 1
48,118,4.2,9,15,Plot 1
49,46,3.3,3,15,Plot 1
50,77,3.7,5,15,Plot 1
1,67,4,5,16,Plot 1
2,83,3.7,5,16,Plot 1
3,122,4.4,9,16,Plot 1
4,87,3.1,5,16,Plot 1
5,68,3.6,6,16,Plot 1
6,64,2.5,6,16,Plot 1
7,82,4,6,16,Plot 1
8,70,3.4,6,16,Plot 1
9,55,3.1,4,16,Plot 1
10,72,3.5,4,16,Plot 1
11,101,4.1,6,16,Plot 1
12,131,4.7,10,16,Plot 1
13,65,3.3,4,16,Plot 1
14,84,3.4,6,16,Plot 1
15,73,3,5,16,Plot 1
16,64,2.7,4,16,Plot 1
17,57,3.1,3,16,Plot 1
18,76,2.7,5,16,Plot 1
19,59,2.6,3,16,Plot 1
20,116,3.8,9,16,Plot 1
21,105,4.6,5,16,Plot 1
22,99,3.3,7,16,Plot 1
23,77,3.7,7,16,Plot 1
24,90,3.4,6,16,Plot 1
25,51,2.9,3,16,Plot 1
26,80,2.6,5,16,Plot 1
27,72,2.9,3,16,Plot 1
28,95,4.1,6,16,Plot 1
29,99,3.4,7,16,Plot 1
30,78,4,5,16,Plot 1
31,39,2.3,3,16,Plot 1
32,80,3.1,6,16,Plot 1
33,52,2.8,3,16,Plot 1
34,46,2.9,3,16,Plot 1
35,110,3.6,9,16,Plot 1
36,94,3.3,5,16,Plot 1
37,74,3.5,3,16,Plot 1
38,92,4.2,5,16,Plot 1
39,94,4.1,5,16,Plot 1
40,78,3.4,4,16,Plot 1
41,95,3.6,7,16,Plot 1
42,92,3.3,7,16,Plot 1
43,80,3.5,6,16,Plot 1
44,68,3.6,4,16,Plot 1
45,72,4.1,6,16,Plot 1
46,75,3.1,4,16,Plot 1
47,46,2.6,3,16,Plot 1
48,123,4.5,9,16,Plot 1
49,47,3.5,3,16,Plot 1
50,78,3.9,5,16,Plot 1
1,69,4.2,5,17,Plot 1
2,87,3.9,5,17,Plot 1
3,124,5.1,9,17,Plot 1
4,88,3.3,5,17,Plot 1
5,71,3.8,6,17,Plot 1
6,67,2.6,6,17,Plot 1
7,85,4.2,6,17,Plot 1
8,73,3.7,6,17,Plot 1
9,57,3.3,4,17,Plot 1
10,75,3.7,4,17,Plot 1
11,102,4.4,6,17,Plot 1
12,133,5.2,9,17,Plot 1
13,68,3.5,4,17,Plot 1
14,88,3.6,6,17,Plot 1
15,76,3.2,5,17,Plot 1
16,66,2.8,4,17,Plot 1
17,58,3.3,3,17,Plot 1
18,79,2.9,5,17,Plot 1
19,60,2.7,3,17,Plot 1
20,119,4,8,17,Plot 1
21,110,5,5,17,Plot 1
22,102,3.5,6,17,Plot 1
23,80,4,6,17,Plot 1
24,92,3.6,6,17,Plot 1
25,52,3.1,3,17,Plot 1
26,83,2.7,5,17,Plot 1
27,75,3,3,17,Plot 1
28,98,4.4,6,17,Plot 1
29,103,3.6,7,17,Plot 1
30,81,4.5,5,17,Plot 1
31,40,2.4,3,17,Plot 1
32,83,3.3,6,17,Plot 1
33,54,2.9,3,17,Plot 1
34,46,3,3,17,Plot 1
35,114,3.8,8,17,Plot 1
36,99,3.5,5,17,Plot 1
37,77,3.7,3,17,Plot 1
38,94,4.4,5,17,Plot 1
39,98,4.3,5,17,Plot 1
40,81,3.6,4,17,Plot 1
41,97,4,7,17,Plot 1
42,96,3.5,7,17,Plot 1
43,82,3.7,6,17,Plot 1
44,70,3.8,4,17,Plot 1
45,75,4.4,6,17,Plot 1
46,78,3.1,4,17,Plot 1
47,47,2.7,3,17,Plot 1
48,127,4.8,8,17,Plot 1
49,48,3.7,3,17,Plot 1
50,84,4.1,5,17,Plot 1
1,70,4.2,5,18,Plot 1
2,88,4.1,5,18,Plot 1
3,124,5.1,8,18,Plot 1
4,90,3.4,5,18,Plot 1
5,73,3.8,5,18,Plot 1
6,70,2.7,6,18,Plot 1
7,86,4.2,6,18,Plot 1
8,74,3.8,5,18,Plot 1
9,58,3.4,4,18,Plot 1
10,78,3.9,4,18,Plot 1
11,106,4.5,6,18,Plot 1
12,135,5.3,9,18,Plot 1
13,70,3.5,4,18,Plot 1
14,90,3.6,6,18,Plot 1
15,78,3.4,5,18,Plot 1
16,68,2.8,4,18,Plot 1
17,60,3.4,3,18,Plot 1
18,82,3,5,18,Plot 1
19,62,2.9,3,18,Plot 1
20,120,4,8,18,Plot 1
21,112,5,5,18,Plot 1
22,105,3.7,6,18,Plot 1
23,82,4,6,18,Plot 1
24,94,3.8,6,18,Plot 1
25,53,3.3,3,18,Plot 1
26,84,2.9,4,18,Plot 1
27,78,3,3,18,Plot 1
28,100,4.6,6,18,Plot 1
29,104,3.8,6,18,Plot 1
30,84,4.6,5,18,Plot 1
31,41,2.5,3,18,Plot 1
32,86,3.4,5,18,Plot 1
33,55,3.1,3,18,Plot 1
34,47,3.2,3,18,Plot 1
35,117,3.9,7,18,Plot 1
36,102,3.7,5,18,Plot 1
37,79,3.9,3,18,Plot 1
38,97,4.6,4,18,Plot 1
39,100,4.5,4,18,Plot 1
40,84,3.8,4,18,Plot 1
41,101,4.1,6,18,Plot 1
42,102,3.7,6,18,Plot 1
43,84,3.9,6,18,Plot 1
44,72,4,4,18,Plot 1
45,77,4.5,5,18,Plot 1
46,82,3.3,4,18,Plot 1
47,48,2.9,3,18,Plot 1
48,139,4.9,7,18,Plot 1
49,49,3.9,3,18,Plot 1
50,88,4.2,5,18,Plot 1
1,72,4.4,5,19,Plot 1
2,91,3.9,5,19,Plot 1
3,130,5.4,9,19,Plot 1
4,93,3.5,5,19,Plot 1
5,73,4,8,19,Plot 1
6,70,2.7,8,19,Plot 1
7,88,4.5,8,19,Plot 1
8,76,3.8,6,19,Plot 1
9,58,3.5,4,19,Plot 1
10,78,3.9,4,19,Plot 1
11,103,4.7,6,19,Plot 1
12,137,5.4,10,19,Plot 1
13,71,3.7,4,19,Plot 1
14,92,3.8,6,19,Plot 1
15,79,3.4,5,19,Plot 1
16,68,3,4,19,Plot 1
17,60,3.5,3,19,Plot 1
18,82,3,5,19,Plot 1
19,62,2.9,3,19,Plot 1
20,125,4.2,8,19,Plot 1
21,115,5.1,5,19,Plot 1
22,106,3.7,6,19,Plot 1
23,83,4.2,5,19,Plot 1
24,97,3.8,6,19,Plot 1
25,54,3.3,3,19,Plot 1
26,87,2.9,6,19,Plot 1
27,78,3.2,3,19,Plot 1
28,102,4.6,6,19,Plot 1
29,109,3.8,8,19,Plot 1
30,85,4.8,5,19,Plot 1
31,41,2.5,3,19,Plot 1
32,86,3.5,7,19,Plot 1
33,55,3.1,3,19,Plot 1
34,47,3.2,3,19,Plot 1
35,120,4,8,19,Plot 1
36,104,3.7,5,19,Plot 1
37,80,4,3,19,Plot 1
38,100,4.7,5,19,Plot 1
39,103,4.6,5,19,Plot 1
40,85,3.8,4,19,Plot 1
41,102,4.1,7,19,Plot 1
42,101,3.7,8,19,Plot 1
43,84,3.9,6,19,Plot 1
44,72,4,4,19,Plot 1
45,78,4.6,7,19,Plot 1
46,82,3.2,4,19,Plot 1
47,49,2.9,3,19,Plot 1
48,139,5.1,9,19,Plot 1
49,49,3.9,3,19,Plot 1
50,88,4.4,5,19,Plot 1
1,74,4.6,6,20,Plot 1
2,94,3.9,5,20,Plot 1
3,136,5.8,9,20,Plot 1
4,99,3.7,6,20,Plot 1
5,76,4.2,8,20,Plot 1
6,72,2.9,8,20,Plot 1
7,91,4.7,8,20,Plot 1
8,79,4,7,20,Plot 1
9,59,3.6,4,20,Plot 1
10,81,4.1,4,20,Plot 1
11,104,4.9,7,20,Plot 1
12,139,5.6,11,20,Plot 1
13,74,3.9,4,20,Plot 1
14,95,4,6,20,Plot 1
15,81,3.6,5,20,Plot 1
16,70,3.1,4,20,Plot 1
17,62,3.7,3,20,Plot 1
18,85,3.2,5,20,Plot 1
19,63,3,3,20,Plot 1
20,131,4.4,9,20,Plot 1
21,119,5.3,5,20,Plot 1
22,110,3.9,7,20,Plot 1
23,86,4.4,5,20,Plot 1
24,100,4,7,20,Plot 1
25,55,3.4,3,20,Plot 1
26,92,3,6,20,Plot 1
27,81,3.3,3,20,Plot 1
28,106,4.9,7,20,Plot 1
29,115,4,8,20,Plot 1
30,88,5,5,20,Plot 1
31,42,2.7,3,20,Plot 1
32,90,3.7,7,20,Plot 1
33,57,3.3,3,20,Plot 1
34,48,3.4,3,20,Plot 1
35,125,4.2,10,20,Plot 1
36,108,3.9,5,20,Plot 1
37,83,4.2,3,20,Plot 1
38,104,4.9,5,20,Plot 1
39,107,4.8,6,20,Plot 1
40,88,4,4,20,Plot 1
41,106,4.4,7,20,Plot 1
42,103,3.9,8,20,Plot 1
43,86,4.1,7,20,Plot 1
44,75,4.3,4,20,Plot 1
45,80,4.9,7,20,Plot 1
46,85,3.2,4,20,Plot 1
47,49,3,3,20,Plot 1
48,140,5.3,8,20,Plot 1
49,50,4.1,3,20,Plot 1
50,91,4.7,5,20,Plot 1
1,77,4.8,6,21,Plot 1
2,98,3.9,5,21,Plot 1
3,136,6.1,9,21,Plot 1
4,102,3.8,6,21,Plot 1
5,78,4.5,8,21,Plot 1
6,75,3,8,21,Plot 1
7,94,4.9,8,21,Plot 1
8,81,4.2,7,21,Plot 1
9,60,3.8,4,21,Plot 1
10,84,4.3,4,21,Plot 1
11,105,5.2,7,21,Plot 1
12,141,5.9,11,21,Plot 1
13,76,4.1,4,21,Plot 1
14,99,4.2,6,21,Plot 1
15,84,3.7,5,21,Plot 1
16,72,3.3,4,21,Plot 1
17,63,3.9,3,21,Plot 1
18,88,3.4,5,21,Plot 1
19,65,3.1,3,21,Plot 1
20,136,4.6,9,21,Plot 1
21,124,5.6,5,21,Plot 1
22,115,4.1,7,21,Plot 1
23,88,4.6,5,21,Plot 1
24,103,4.2,7,21,Plot 1
25,56,3.6,3,21,Plot 1
26,95,3.1,6,21,Plot 1
27,83,3.5,3,21,Plot 1
28,110,5.1,7,21,Plot 1
29,119,4.2,9,21,Plot 1
30,91,5.3,5,21,Plot 1
31,43,2.8,3,21,Plot 1
32,93,3.8,7,21,Plot 1
33,58,3.4,3,21,Plot 1
34,48,3.5,3,21,Plot 1
35,131,4.4,10,21,Plot 1
36,113,4,5,21,Plot 1
37,86,4.3,3,21,Plot 1
38,108,5.1,5,21,Plot 1
39,112,5.1,6,21,Plot 1
40,91,4.2,4,21,Plot 1
41,111,4.6,7,21,Plot 1
42,105,4,8,21,Plot 1
43,88,4.3,7,21,Plot 1
44,77,4.5,4,21,Plot 1
45,83,5.2,8,21,Plot 1
46,89,3.2,4,21,Plot 1
47,50,3.2,3,21,Plot 1
48,142,5.6,8,21,Plot 1
49,51,4.3,3,21,Plot 1
50,95,4.9,5,21,Plot 1
1,79,5.1,6,22,Plot 1
2,102,3.9,5,22,Plot 1
3,140,6.5,9,22,Plot 1
4,104,4,6,22,Plot 1
5,81,4.7,9,22,Plot 1
6,77,3.1,9,22,Plot 1
7,97,5.2,10,22,Plot 1
8,84,4.4,7,22,Plot 1
9,62,3.9,4,22,Plot 1
10,87,4.5,4,22,Plot 1
11,106,5.4,8,22,Plot 1
12,144,6.2,12,22,Plot 1
13,79,4.3,4,22,Plot 1
14,102,4.4,6,22,Plot 1
15,87,3.9,5,22,Plot 1
16,74,3.4,4,22,Plot 1
17,65,4.1,3,22,Plot 1
18,91,3.5,5,22,Plot 1
19,66,3.3,3,22,Plot 1
20,142,4.9,10,22,Plot 1
21,128,5.9,5,22,Plot 1
22,119,4.3,7,22,Plot 1
23,91,4.8,5,22,Plot 1
24,106,4.5,7,22,Plot 1
25,57,3.8,3,22,Plot 1
26,99,3.3,7,22,Plot 1
27,86,3.6,3,22,Plot 1
28,114,5.4,7,22,Plot 1
29,122,4.4,9,22,Plot 1
30,94,5.5,5,22,Plot 1
31,44,2.9,3,22,Plot 1
32,96,4,8,22,Plot 1
33,60,3.6,3,22,Plot 1
34,49,3.7,3,22,Plot 1
35,136,4.6,10,22,Plot 1
36,117,4.2,5,22,Plot 1
37,89,4.5,3,22,Plot 1
38,111,5.4,5,22,Plot 1
39,116,5.3,6,22,Plot 1
40,94,4.4,4,22,Plot 1
41,115,4.8,7,22,Plot 1
42,108,4.2,9,22,Plot 1
43,90,4.5,7,22,Plot 1
44,79,4.7,4,22,Plot 1
45,86,5.4,9,22,Plot 1
46,92,3.2,4,22,Plot 1
47,51,3.3,3,22,Plot 1
48,144,5.9,8,22,Plot 1
49,52,4.5,3,22,Plot 1
50,98,5.1,5,22,Plot 1
1,82,5.3,6,23,Plot 1
2,105,3.9,5,23,Plot 1
3,142,6.8,9,23,Plot 1
4,108,4.2,6,23,Plot 1
5,83,4.9,9,23,Plot 1
6,80,3.3,10,23,Plot 1
7,100,5.4,10,23,Plot 1
8,87,4.6,8,23,Plot 1
9,63,4.1,4,23,Plot 1
10,90,4.8,4,23,Plot 1
11,107,5.7,8,23,Plot 1
12,149,6.5,12,23,Plot 1
13,81,4.5,4,23,Plot 1
14,106,4.6,6,23,Plot 1
15,89,4.1,5,23,Plot 1
16,76,3.6,4,23,Plot 1
17,67,4.2,3,23,Plot 1
18,94,3.7,5,23,Plot 1
19,68,3.5,3,23,Plot 1
20,142,5.1,10,23,Plot 1
21,133,6.2,5,23,Plot 1
22,123,4.4,8,23,Plot 1
23,94,5,5,23,Plot 1
24,109,4.7,8,23,Plot 1
25,59,3.9,3,23,Plot 1
26,103,3.4,7,23,Plot 1
27,89,3.8,3,23,Plot 1
28,118,5.6,8,23,Plot 1
29,127,4.6,10,23,Plot 1
30,98,5.8,5,23,Plot 1
31,45,3,3,23,Plot 1
32,99,4.2,8,23,Plot 1
33,61,3.7,3,23,Plot 1
34,50,3.9,3,23,Plot 1
35,142,4.8,9,23,Plot 1
36,122,4.4,5,23,Plot 1
37,92,4.7,3,23,Plot 1
38,115,5.6,5,23,Plot 1
39,121,5.6,6,23,Plot 1
40,97,4.6,4,23,Plot 1
41,120,5.1,7,23,Plot 1
42,110,4.4,9,23,Plot 1
43,91,4.7,8,23,Plot 1
44,82,4.9,4,23,Plot 1
45,89,5.7,10,23,Plot 1
46,95,3.3,4,23,Plot 1
47,52,3.5,3,23,Plot 1
48,147,6.1,7,23,Plot 1
49,53,4.7,3,23,Plot 1
50,102,5.4,5,23,Plot 1
1,83,5.6,6,24,Plot 1
2,109,3.9,4,24,Plot 1
3,146,7.1,8,24,Plot 1
4,111,4.3,6,24,Plot 1
5,86,5.1,10,24,Plot 1
6,81,3.3,10,24,Plot 1
7,102,5.6,10,24,Plot 1
8,89,4.8,7,24,Plot 1
9,64,4.2,4,24,Plot 1
10,92,4.9,4,24,Plot 1
11,108,5.9,8,24,Plot 1
12,150,6.7,13,24,Plot 1
13,83,4.7,4,24,Plot 1
14,106,4.8,6,24,Plot 1
15,91,4.2,5,24,Plot 1
16,78,3.7,4,24,Plot 1
17,68,4.4,3,24,Plot 1
18,97,3.8,5,24,Plot 1
19,69,3.5,3,24,Plot 1
20,144,5.3,11,24,Plot 1
21,137,6.5,5,24,Plot 1
22,127,4.7,8,24,Plot 1
23,96,5.1,5,24,Plot 1
24,112,4.8,8,24,Plot 1
25,59,4.1,3,24,Plot 1
26,107,3.4,8,24,Plot 1
27,89,3.9,3,24,Plot 1
28,122,5.9,8,24,Plot 1
29,131,4.8,10,24,Plot 1
30,100,6.1,5,24,Plot 1
31,46,3.1,3,24,Plot 1
32,102,4.3,9,24,Plot 1
33,62,3.9,3,24,Plot 1
34,50,4,3,24,Plot 1
35,146,5,12,24,Plot 1
36,126,4.5,5,24,Plot 1
37,94,4.8,3,24,Plot 1
38,118,5.8,5,24,Plot 1
39,122,5.8,6,24,Plot 1
40,99,4.8,4,24,Plot 1
41,123,5.3,7,24,Plot 1
42,109,4.5,10,24,Plot 1
43,94,4.9,8,24,Plot 1
44,83,5.1,4,24,Plot 1
45,91,5.9,10,24,Plot 1
46,98,3.2,4,24,Plot 1
47,52,3.6,3,24,Plot 1
48,151,6.3,8,24,Plot 1
49,53,4.9,3,24,Plot 1
50,103,5.6,5,24,Plot 1
1,86,5.8,7,25,Plot 1
2,112,3.9,4,25,Plot 1
3,146,7.4,8,25,Plot 1
4,115,4.5,7,25,Plot 1
5,88,5.3,11,25,Plot 1
6,83,3.5,11,25,Plot 1
7,105,5.8,11,25,Plot 1
8,92,4.9,7,25,Plot 1
9,65,4.4,4,25,Plot 1
10,95,5.1,4,25,Plot 1
11,109,6.1,9,25,Plot 1
12,153,7,13,25,Plot 1
13,85,4.9,4,25,Plot 1
14,109,5,6,25,Plot 1
15,94,4.4,5,25,Plot 1
16,80,3.8,4,25,Plot 1
17,69,4.6,3,25,Plot 1
18,100,3.9,5,25,Plot 1
19,70,3.6,3,25,Plot 1
20,147,5.5,11,25,Plot 1
21,141,6.8,5,25,Plot 1
22,131,4.8,8,25,Plot 1
23,99,5.3,5,25,Plot 1
24,115,5,8,25,Plot 1
25,60,4.3,3,25,Plot 1
26,110,3.5,8,25,Plot 1
27,91,4,3,25,Plot 1
28,125,6.1,8,25,Plot 1
29,135,5,11,25,Plot 1
30,103,6.4,5,25,Plot 1
31,46,3.2,3,25,Plot 1
32,105,4.5,9,25,Plot 1
33,64,4,3,25,Plot 1
34,51,4.1,3,25,Plot 1
35,152,5.2,12,25,Plot 1
36,130,4.7,5,25,Plot 1
37,96,4.9,3,25,Plot 1
38,121,6.1,5,25,Plot 1
39,125,6,6,25,Plot 1
40,102,5,4,25,Plot 1
41,127,5.5,7,25,Plot 1
42,111,4.7,10,25,Plot 1
43,96,5.1,8,25,Plot 1
44,86,5.3,4,25,Plot 1
45,94,6.1,10,25,Plot 1
46,101,3.2,4,25,Plot 1
47,53,3.7,3,25,Plot 1
48,154,6.4,8,25,Plot 1
49,54,5.1,3,25,Plot 1
50,106,5.8,5,25,Plot 1
1,88,6.1,7,26,Plot 1
2,115,3.9,3,26,Plot 1
3,150,7.6,8,26,Plot 1
4,118,4.7,7,26,Plot 1
5,90,5.5,11,26,Plot 1
6,85,3.6,11,26,Plot 1
7,108,6.1,12,26,Plot 1
8,94,5.1,7,26,Plot 1
9,66,4.5,4,26,Plot 1
10,97,5.3,4,26,Plot 1
11,110,6.4,9,26,Plot 1
12,155,7.3,14,26,Plot 1
13,88,5,4,26,Plot 1
14,112,5.1,6,26,Plot 1
15,96,4.6,5,26,Plot 1
16,82,4,4,26,Plot 1
17,70,4.8,3,26,Plot 1
18,102,4.1,5,26,Plot 1
19,71,3.7,3,26,Plot 1
20,150,5.7,12,26,Plot 1
21,145,7.1,5,26,Plot 1
22,135,5,8,26,Plot 1
23,101,5.5,5,26,Plot 1
24,118,5.2,8,26,Plot 1
25,61,4.4,3,26,Plot 1
26,114,3.6,8,26,Plot 1
27,93,4.2,3,26,Plot 1
28,129,6.3,8,26,Plot 1
29,140,5.1,11,26,Plot 1
30,105,6.6,5,26,Plot 1
31,47,3.3,3,26,Plot 1
32,108,4.7,9,26,Plot 1
33,65,4.2,3,26,Plot 1
34,52,4.3,3,26,Plot 1
35,157,5.4,12,26,Plot 1
36,134,4.9,5,26,Plot 1
37,99,5,3,26,Plot 1
38,124,6.3,5,26,Plot 1
39,128,6.2,6,26,Plot 1
40,104,5.1,4,26,Plot 1
41,131,5.7,7,26,Plot 1
42,112,4.9,11,26,Plot 1
43,98,5.2,8,26,Plot 1
44,88,5.5,4,26,Plot 1
45,96,6.4,11,26,Plot 1
46,104,3.2,4,26,Plot 1
47,53,3.8,3,26,Plot 1
48,158,6.6,8,26,Plot 1
49,55,5.3,3,26,Plot 1
50,108,6,5,26,Plot 1
1,90,6.3,7,27,Plot 1
2,119,3.9,3,27,Plot 1
3,151,7.9,8,27,Plot 1
4,122,4.8,7,27,Plot 1
5,93,5.7,12,27,Plot 1
6,87,3.7,12,27,Plot 1
7,111,6.3,13,27,Plot 1
8,96,5.3,7,27,Plot 1
9,67,4.7,4,27,Plot 1
10,100,5.5,4,27,Plot 1
11,111,6.6,10,27,Plot 1
12,158,7.5,14,27,Plot 1
13,90,5.2,4,27,Plot 1
14,114,5.3,6,27,Plot 1
15,98,4.7,5,27,Plot 1
16,83,4.1,4,27,Plot 1
17,72,5,3,27,Plot 1
18,105,4.2,5,27,Plot 1
19,72,3.8,3,27,Plot 1
20,152,5.9,12,27,Plot 1
21,150,7.3,5,27,Plot 1
22,139,5.2,8,27,Plot 1
23,104,5.6,5,27,Plot 1
24,121,5.4,8,27,Plot 1
25,63,4.6,3,27,Plot 1
26,117,3.7,8,27,Plot 1
27,95,4.3,3,27,Plot 1
28,133,6.6,8,27,Plot 1
29,144,5.3,12,27,Plot 1
30,108,6.9,5,27,Plot 1
31,48,3.4,3,27,Plot 1
32,110,4.8,10,27,Plot 1
33,66,4.3,3,27,Plot 1
34,52,4.4,3,27,Plot 1
35,162,5.6,13,27,Plot 1
36,138,5.1,5,27,Plot 1
37,102,5.2,3,27,Plot 1
38,128,6.5,5,27,Plot 1
39,132,6.5,6,27,Plot 1
40,107,5.3,4,27,Plot 1
41,135,5.9,7,27,Plot 1
42,113,5.1,11,27,Plot 1
43,100,5.4,8,27,Plot 1
44,90,5.7,4,27,Plot 1
45,99,6.6,11,27,Plot 1
46,107,3.2,4,27,Plot 1
47,54,3.9,3,27,Plot 1
48,161,6.9,8,27,Plot 1
49,55,5.5,3,27,Plot 1
50,111,6.3,5,27,Plot 1
1,31,0.5,1,2,Plot 2A
2,28,0.5,1,2,Plot 2A
3,25,0.4,1,2,Plot 2A
4,24,0.4,1,2,Plot 2A
5,24,0.4,1,2,Plot 2A
6,38,0.6,2,2,Plot 2A
7,29,0.5,1,2,Plot 2A
8,33,0.5,1,2,Plot 2A
9,23,0.4,1,2,Plot 2A
10,38,0.6,1,2,Plot 2A
11,31,0.5,1,2,Plot 2A
12,31,0.5,1,2,Plot 2A
13,32,0.5,1,2,Plot 2A
14,29,0.5,1,2,Plot 2A
15,33,0.6,1,2,Plot 2A
16,32,0.5,1,2,Plot 2A
17,23,0.4,1,2,Plot 2A
18,34,0.6,1,2,Plot 2A
19,29,0.5,1,2,Plot 2A
20,33,0.5,2,2,Plot 2A
21,31,0.5,1,2,Plot 2A
22,31,0.5,1,2,Plot 2A
23,32,0.5,1,2,Plot 2A
24,27,0.5,1,2,Plot 2A
25,24,0.4,1,2,Plot 2A
26,30,0.5,1,2,Plot 2A
27,35,0.6,1,2,Plot 2A
28,26,0.4,1,2,Plot 2A
29,24,0.4,1,2,Plot 2A
30,30,0.5,1,2,Plot 2A
31,29,0.5,1,2,Plot 2A
32,27,0.5,1,2,Plot 2A
33,27,0.5,1,2,Plot 2A
34,26,0.5,1,2,Plot 2A
35,33,0.4,1,2,Plot 2A
36,26,0.4,1,2,Plot 2A
37,23,0.4,1,2,Plot 2A
38,27,0.6,1,2,Plot 2A
39,32,0.5,1,2,Plot 2A
40,29,0.6,1,2,Plot 2A
41,36,0.5,2,2,Plot 2A
42,38,0.6,2,2,Plot 2A
43,25,0.5,1,2,Plot 2A
44,32,0.5,1,2,Plot 2A
45,37,0.5,1,2,Plot 2A
46,22,0.4,1,2,Plot 2A
47,28,0.6,1,2,Plot 2A
48,27,0.5,1,2,Plot 2A
49,23,0.5,1,2,Plot 2A
50,24,0.6,1,2,Plot 2A
1,35,0.6,1,3,Plot 2A
2,28,0.6,1,3,Plot 2A
3,27,0.4,1,3,Plot 2A
4,28,0.4,1,3,Plot 2A
5,25,0.5,1,3,Plot 2A
6,41,0.7,2,3,Plot 2A
7,33,0.6,1,3,Plot 2A
8,33,0.6,1,3,Plot 2A
9,27,0.4,1,3,Plot 2A
10,38,0.7,1,3,Plot 2A
11,32,0.6,1,3,Plot 2A
12,34,0.6,1,3,Plot 2A
13,32,0.7,1,3,Plot 2A
14,30,0.6,1,3,Plot 2A
15,36,0.6,1,3,Plot 2A
16,34,0.6,1,3,Plot 2A
17,26,0.4,1,3,Plot 2A
18,34,0.7,1,3,Plot 2A
19,30,0.6,1,3,Plot 2A
20,36,0.6,2,3,Plot 2A
21,31,0.7,1,3,Plot 2A
22,33,0.6,1,3,Plot 2A
23,35,0.7,1,3,Plot 2A
24,27,0.6,1,3,Plot 2A
25,25,0.4,1,3,Plot 2A
26,34,0.6,1,3,Plot 2A
27,38,0.8,1,3,Plot 2A
28,29,0.6,1,3,Plot 2A
29,25,0.4,1,3,Plot 2A
30,34,0.6,1,3,Plot 2A
31,31,0.6,1,3,Plot 2A
32,31,0.5,1,3,Plot 2A
33,27,0.6,1,3,Plot 2A
34,26,0.5,1,3,Plot 2A
35,34,0.5,1,3,Plot 2A
36,26,0.4,1,3,Plot 2A
37,24,0.5,1,3,Plot 2A
38,31,0.6,1,3,Plot 2A
39,36,0.5,1,3,Plot 2A
40,32,0.7,1,3,Plot 2A
41,36,0.5,2,3,Plot 2A
42,40,0.8,2,3,Plot 2A
43,25,0.6,1,3,Plot 2A
44,35,0.6,1,3,Plot 2A
45,38,0.6,1,3,Plot 2A
46,22,0.6,1,3,Plot 2A
47,31,0.8,1,3,Plot 2A
48,31,0.6,1,3,Plot 2A
49,23,0.6,1,3,Plot 2A
50,25,0.6,1,3,Plot 2A
1,36,0.7,1,4,Plot 2A
2,34,0.6,1,4,Plot 2A
3,30,0.6,1,4,Plot 2A
4,29,0.6,1,4,Plot 2A
5,29,0.7,1,4,Plot 2A
6,42,0.8,2,4,Plot 2A
7,33,0.7,1,4,Plot 2A
8,37,0.9,1,4,Plot 2A
9,28,0.7,1,4,Plot 2A
10,42,0.9,1,4,Plot 2A
11,35,0.7,1,4,Plot 2A
12,37,0.7,1,4,Plot 2A
13,37,0.8,1,4,Plot 2A
14,35,0.9,1,4,Plot 2A
15,38,0.9,1,4,Plot 2A
16,36,0.9,1,4,Plot 2A
17,28,0.5,1,4,Plot 2A
18,38,0.9,1,4,Plot 2A
19,35,0.6,1,4,Plot 2A
20,37,0.9,2,4,Plot 2A
21,37,0.8,1,4,Plot 2A
22,36,0.8,1,4,Plot 2A
23,36,0.7,1,4,Plot 2A
24,33,0.7,1,4,Plot 2A
25,30,0.5,1,4,Plot 2A
26,34,0.8,1,4,Plot 2A
27,37,1,1,4,Plot 2A
28,31,0.8,1,4,Plot 2A
29,28,0.5,1,4,Plot 2A
30,35,0.6,1,4,Plot 2A
31,34,0.7,1,4,Plot 2A
32,32,0.7,1,4,Plot 2A
33,33,0.8,1,4,Plot 2A
34,32,0.7,1,4,Plot 2A
35,37,0.6,1,4,Plot 2A
36,30,0.6,1,4,Plot 2A
37,28,0.7,1,4,Plot 2A
38,33,0.7,1,4,Plot 2A
39,38,0.6,1,4,Plot 2A
40,34,0.8,1,4,Plot 2A
41,45,0.7,2,4,Plot 2A
42,42,1,2,4,Plot 2A
43,29,0.6,1,4,Plot 2A
44,36,0.8,1,4,Plot 2A
45,42,0.9,1,4,Plot 2A
46,28,0.8,1,4,Plot 2A
47,32,0.8,1,4,Plot 2A
48,32,0.8,1,4,Plot 2A
49,28,0.7,1,4,Plot 2A
50,30,0.6,1,4,Plot 2A
1,39,0.9,1,5,Plot 2A
2,36,0.7,1,5,Plot 2A
3,30,0.8,1,5,Plot 2A
4,29,0.6,1,5,Plot 2A
5,31,0.8,1,5,Plot 2A
6,45,0.9,2,5,Plot 2A
7,36,0.8,1,5,Plot 2A
8,40,1.1,1,5,Plot 2A
9,30,0.8,1,5,Plot 2A
10,45,1,1,5,Plot 2A
11,38,0.8,1,5,Plot 2A
12,37,0.7,1,5,Plot 2A
13,39,0.9,1,5,Plot 2A
14,37,1.1,1,5,Plot 2A
15,41,1,1,5,Plot 2A
16,39,1,1,5,Plot 2A
17,31,0.5,1,5,Plot 2A
18,41,1.1,2,5,Plot 2A
19,38,0.7,1,5,Plot 2A
20,40,1.1,2,5,Plot 2A
21,40,0.9,1,5,Plot 2A
22,39,0.9,1,5,Plot 2A
23,38,0.8,1,5,Plot 2A
24,36,0.7,1,5,Plot 2A
25,30,0.5,1,5,Plot 2A
26,37,0.9,1,5,Plot 2A
27,37,1.2,2,5,Plot 2A
28,33,0.9,1,5,Plot 2A
29,37,0.8,1,5,Plot 2A
30,38,0.7,1,5,Plot 2A
31,34,0.8,1,5,Plot 2A
32,35,0.8,1,5,Plot 2A
33,38,0.9,1,5,Plot 2A
34,34,0.8,1,5,Plot 2A
35,40,0.7,1,5,Plot 2A
36,33,0.6,1,5,Plot 2A
37,31,0.8,1,5,Plot 2A
38,36,0.8,1,5,Plot 2A
39,47,1,1,5,Plot 2A
40,34,0.9,1,5,Plot 2A
41,45,0.8,2,5,Plot 2A
42,45,1.2,2,5,Plot 2A
43,32,0.7,1,5,Plot 2A
44,36,0.9,1,5,Plot 2A
45,42,1.1,2,5,Plot 2A
46,31,0.9,1,5,Plot 2A
47,35,0.9,1,5,Plot 2A
48,34,0.9,1,5,Plot 2A
49,30,0.8,1,5,Plot 2A
50,33,0.7,1,5,Plot 2A
1,41,0.9,1,6,Plot 2A
2,38,0.8,1,6,Plot 2A
3,30,0.9,1,6,Plot 2A
4,29,0.7,1,6,Plot 2A
5,33,0.9,1,6,Plot 2A
6,47,1,2,6,Plot 2A
7,38,0.9,1,6,Plot 2A
8,41,1.3,2,6,Plot 2A
9,32,0.9,1,6,Plot 2A
10,47,1.1,1,6,Plot 2A
11,40,0.9,1,6,Plot 2A
12,37,0.8,1,6,Plot 2A
13,41,1,1,6,Plot 2A
14,39,1.3,1,6,Plot 2A
15,41,1.1,2,6,Plot 2A
16,41,1.1,1,6,Plot 2A
17,33,0.6,1,6,Plot 2A
18,43,1.3,2,6,Plot 2A
19,40,0.8,1,6,Plot 2A
20,42,1.3,2,6,Plot 2A
21,42,1,1,6,Plot 2A
22,41,1,2,6,Plot 2A
23,38,0.9,1,6,Plot 2A
24,38,0.8,1,6,Plot 2A
25,30,0.6,1,6,Plot 2A
26,39,1,1,6,Plot 2A
27,37,1.4,2,6,Plot 2A
28,35,1,1,6,Plot 2A
29,32,1.4,1,6,Plot 2A
30,40,0.8,1,6,Plot 2A
31,34,0.9,1,6,Plot 2A
32,37,0.9,1,6,Plot 2A
33,45,1,1,6,Plot 2A
34,36,0.9,1,6,Plot 2A
35,42,0.8,1,6,Plot 2A
36,34,0.7,1,6,Plot 2A
37,33,0.9,1,6,Plot 2A
38,36,0.9,1,6,Plot 2A
39,54,1.6,2,6,Plot 2A
40,34,1,1,6,Plot 2A
41,45,0.9,2,6,Plot 2A
42,47,1.4,2,6,Plot 2A
43,34,0.8,1,6,Plot 2A
44,36,1,1,6,Plot 2A
45,42,1.2,2,6,Plot 2A
46,33,1,1,6,Plot 2A
47,37,1,1,6,Plot 2A
48,36,1,1,6,Plot 2A
49,32,0.9,1,6,Plot 2A
50,35,0.8,1,6,Plot 2A
1,44,1.2,1,7,Plot 2A
2,41,1.1,1,7,Plot 2A
3,30,1.2,1,7,Plot 2A
4,31,0.8,1,7,Plot 2A
5,37,0.9,1,7,Plot 2A
6,51,1.2,2,7,Plot 2A
7,45,1.1,1,7,Plot 2A
8,41,1.4,2,7,Plot 2A
9,48,1.2,1,7,Plot 2A
10,46,1.4,2,7,Plot 2A
11,48,1.3,1,7,Plot 2A
12,37,1,1,7,Plot 2A
13,44,1.4,1,7,Plot 2A
14,39,1.3,1,7,Plot 2A
15,42,1.3,2,7,Plot 2A
16,41,1.2,1,7,Plot 2A
17,37,1,1,7,Plot 2A
18,48,1.4,2,7,Plot 2A
19,44,1,1,7,Plot 2A
20,54,1.2,2,7,Plot 2A
21,49,1.4,2,7,Plot 2A
22,45,1.3,2,7,Plot 2A
23,38,1.2,1,7,Plot 2A
24,43,1,1,7,Plot 2A
25,32,0.9,1,7,Plot 2A
26,49,1.2,1,7,Plot 2A
27,39,1.5,2,7,Plot 2A
28,44,1.2,1,7,Plot 2A
29,37,1.6,1,7,Plot 2A
30,46,1,1,7,Plot 2A
31,35,1.1,1,7,Plot 2A
32,42,1.2,1,7,Plot 2A
33,47,1.4,2,7,Plot 2A
34,36,1.1,1,7,Plot 2A
35,45,1.2,1,7,Plot 2A
36,34,1.2,1,7,Plot 2A
37,38,1.5,1,7,Plot 2A
38,36,1.4,1,7,Plot 2A
39,57,1.3,2,7,Plot 2A
40,34,1,1,7,Plot 2A
41,48,1.2,2,7,Plot 2A
42,47,1.6,2,7,Plot 2A
43,38,1.3,1,7,Plot 2A
44,39,1.3,1,7,Plot 2A
45,47,1.4,2,7,Plot 2A
46,37,1.2,1,7,Plot 2A
47,40,1.1,1,7,Plot 2A
48,42,1.3,1,7,Plot 2A
49,36,1.1,1,7,Plot 2A
50,40,1,1,7,Plot 2A
1,48,1.4,2,8,Plot 2A
2,47,1.4,1,8,Plot 2A
3,36,1.3,1,8,Plot 2A
4,32,1,1,8,Plot 2A
5,39,1.3,1,8,Plot 2A
6,56,1.3,2,8,Plot 2A
7,55,1.3,1,8,Plot 2A
8,47,1.8,2,8,Plot 2A
9,46,1.5,1,8,Plot 2A
10,50,1.7,2,8,Plot 2A
11,53,1.5,1,8,Plot 2A
12,39,1,1,8,Plot 2A
13,46,1.6,2,8,Plot 2A
14,43,1.4,1,8,Plot 2A
15,45,1.6,2,8,Plot 2A
16,44,1.3,1,8,Plot 2A
17,46,1.3,1,8,Plot 2A
18,55,1.6,2,8,Plot 2A
19,48,1.3,1,8,Plot 2A
20,59,1.5,2,8,Plot 2A
21,63,1.6,2,8,Plot 2A
22,55,1.5,2,8,Plot 2A
23,40,1.4,1,8,Plot 2A
24,52,1.3,2,8,Plot 2A
25,34,1.1,1,8,Plot 2A
26,52,1.3,1,8,Plot 2A
27,39,1.6,2,8,Plot 2A
28,44,1.3,1,8,Plot 2A
29,54,1.9,2,8,Plot 2A
30,53,1.4,2,8,Plot 2A
31,37,1.2,1,8,Plot 2A
32,44,1.4,1,8,Plot 2A
33,57,1.7,2,8,Plot 2A
34,40,1.4,1,8,Plot 2A
35,47,1.3,1,8,Plot 2A
36,37,1.1,1,8,Plot 2A
37,40,1.7,1,8,Plot 2A
38,39,1.6,1,8,Plot 2A
39,67,1.6,3,8,Plot 2A
40,36,1.1,1,8,Plot 2A
41,52,1.2,2,8,Plot 2A
42,50,1.8,2,8,Plot 2A
43,40,1.2,1,8,Plot 2A
44,39,1.6,1,8,Plot 2A
45,48,1.6,2,8,Plot 2A
46,45,1.5,1,8,Plot 2A
47,43,1.5,2,8,Plot 2A
48,52,1.4,2,8,Plot 2A
49,38,1.4,1,8,Plot 2A
50,44,1.2,1,8,Plot 2A
1,52,1.6,3,9,Plot 2A
2,50,1.6,2,9,Plot 2A
3,40,1.5,1,9,Plot 2A
4,36,1.2,1,9,Plot 2A
5,42,1.4,2,9,Plot 2A
6,58,1.4,2,9,Plot 2A
7,59,1.5,2,9,Plot 2A
8,58,1.8,2,9,Plot 2A
9,51,1.8,2,9,Plot 2A
10,52,1.9,2,9,Plot 2A
11,55,1.7,2,9,Plot 2A
12,40,1.1,1,9,Plot 2A
13,49,1.8,2,9,Plot 2A
14,45,1.5,1,9,Plot 2A
15,46,1.8,2,9,Plot 2A
16,46,1.4,1,9,Plot 2A
17,51,1.5,1,9,Plot 2A
18,58,2.2,2,9,Plot 2A
19,50,1.5,1,9,Plot 2A
20,62,1.8,2,9,Plot 2A
21,64,2,3,9,Plot 2A
22,58,1.7,3,9,Plot 2A
23,41,1.5,2,9,Plot 2A
24,58,1.5,2,9,Plot 2A
25,35,1.3,2,9,Plot 2A
26,54,1.5,1,9,Plot 2A
27,41,1.7,2,9,Plot 2A
28,48,1.5,2,9,Plot 2A
29,58,2.4,2,9,Plot 2A
30,57,2.1,2,9,Plot 2A
31,39,1.4,1,9,Plot 2A
32,46,1.6,1,9,Plot 2A
33,58,2,3,9,Plot 2A
34,42,1.6,1,9,Plot 2A
35,50,1.6,2,9,Plot 2A
36,39,1.3,1,9,Plot 2A
37,44,1.7,2,9,Plot 2A
38,40,1.5,2,9,Plot 2A
39,74,2,3,9,Plot 2A
40,36,1.2,1,9,Plot 2A
41,56,1.4,2,9,Plot 2A
42,52,2,1,9,Plot 2A
43,43,1.4,2,9,Plot 2A
44,40,1.8,2,9,Plot 2A
45,49,1.8,2,9,Plot 2A
46,50,1.8,2,9,Plot 2A
47,46,1.6,2,9,Plot 2A
48,58,1.6,2,9,Plot 2A
49,41,1.6,1,9,Plot 2A
50,49,1.4,2,9,Plot 2A
1,54,1.8,3,10,Plot 2A
2,52,1.8,2,10,Plot 2A
3,43,1.7,2,10,Plot 2A
4,36,1.3,1,10,Plot 2A
5,44,1.6,2,10,Plot 2A
6,63,1.5,2,10,Plot 2A
7,64,1.7,2,10,Plot 2A
8,60,1.8,2,10,Plot 2A
9,51,2,2,10,Plot 2A
10,52,2.2,2,10,Plot 2A
11,58,2,2,10,Plot 2A
12,42,1.2,1,10,Plot 2A
13,51,2,3,10,Plot 2A
14,48,1.5,1,10,Plot 2A
15,50,1.8,2,10,Plot 2A
16,48,1.5,2,10,Plot 2A
17,53,1.8,2,10,Plot 2A
18,60,2.4,2,10,Plot 2A
19,61,1.7,2,10,Plot 2A
20,65,3.2,2,10,Plot 2A
21,68,2.3,3,10,Plot 2A
22,60,1.9,3,10,Plot 2A
23,43,1.7,2,10,Plot 2A
24,62,1.7,2,10,Plot 2A
25,39,1.5,2,10,Plot 2A
26,58,1.6,2,10,Plot 2A
27,42,1.8,2,10,Plot 2A
28,52,1.6,2,10,Plot 2A
29,62,2.7,2,10,Plot 2A
30,63,2.3,2,10,Plot 2A
31,39,1.5,2,10,Plot 2A
32,48,1.8,2,10,Plot 2A
33,60,2.3,3,10,Plot 2A
34,44,1.8,2,10,Plot 2A
35,52,1.8,2,10,Plot 2A
36,41,1.5,2,10,Plot 2A
37,46,2,2,10,Plot 2A
38,43,1.7,2,10,Plot 2A
39,78,2.6,3,10,Plot 2A
40,36,1.3,2,10,Plot 2A
41,59,1.6,2,10,Plot 2A
42,55,2.2,2,10,Plot 2A
43,48,1.6,2,10,Plot 2A
44,42,2.1,2,10,Plot 2A
45,49,1.9,2,10,Plot 2A
46,50,2,2,10,Plot 2A
47,50,1.8,2,10,Plot 2A
48,62,2.3,3,10,Plot 2A
49,47,1.8,2,10,Plot 2A
50,52,1.6,2,10,Plot 2A
1,50,2,3,11,Plot 2A
2,52,2.1,2,11,Plot 2A
3,33,1.9,2,11,Plot 2A
4,34,1.4,1,11,Plot 2A
5,47,1.8,2,11,Plot 2A
6,61,1.6,2,11,Plot 2A
7,64,1.8,2,11,Plot 2A
8,49,2,2,11,Plot 2A
9,62,2.3,3,11,Plot 2A
10,55,2.4,2,11,Plot 2A
11,60,2.3,3,11,Plot 2A
12,41,1.3,2,11,Plot 2A
13,54,2.3,3,11,Plot 2A
14,48,1.6,2,11,Plot 2A
15,49,2,2,11,Plot 2A
16,49,1.6,2,11,Plot 2A
17,62,2.1,2,11,Plot 2A
18,59,2.6,2,11,Plot 2A
19,56,1.9,2,11,Plot 2A
20,67,3.3,4,11,Plot 2A
21,76,2.3,4,11,Plot 2A
22,69,2.1,3,11,Plot 2A
23,42,1.9,2,11,Plot 2A
24,69,1.9,2,11,Plot 2A
25,38,1.7,2,11,Plot 2A
26,61,1.7,2,11,Plot 2A
27,40,2,2,11,Plot 2A
28,56,1.8,2,11,Plot 2A
29,77,3,3,11,Plot 2A
30,69,2.5,4,11,Plot 2A
31,39,1.7,2,11,Plot 2A
32,52,2,2,11,Plot 2A
33,77,2.6,3,11,Plot 2A
34,46,2,2,11,Plot 2A
35,55,2,2,11,Plot 2A
36,42,1.7,2,11,Plot 2A
37,50,2.2,2,11,Plot 2A
38,44,1.9,2,11,Plot 2A
39,84,2.8,3,11,Plot 2A
40,38,1.4,2,11,Plot 2A
41,67,1.7,2,11,Plot 2A
42,55,2.4,2,11,Plot 2A
43,49,1.8,2,11,Plot 2A
44,43,2.3,2,11,Plot 2A
45,53,2.1,2,11,Plot 2A
46,55,2.2,3,11,Plot 2A
47,50,2,2,11,Plot 2A
48,65,2.6,4,11,Plot 2A
49,47,2,2,11,Plot 2A
50,53,1.8,2,11,Plot 2A
1,52,2.2,3,12,Plot 2A
2,55,2.3,3,12,Plot 2A
3,34,2,2,12,Plot 2A
4,35,1.6,1,12,Plot 2A
5,50,1.9,2,12,Plot 2A
6,63,1.8,3,12,Plot 2A
7,69,2,3,12,Plot 2A
8,51,2.4,2,12,Plot 2A
9,67,2.5,4,12,Plot 2A
10,57,2.6,2,12,Plot 2A
11,62,2.5,3,12,Plot 2A
12,42,1.4,2,12,Plot 2A
13,57,2.5,3,12,Plot 2A
14,50,1.7,2,12,Plot 2A
15,51,2.3,2,12,Plot 2A
16,51,1.7,2,12,Plot 2A
17,67,2.4,3,12,Plot 2A
18,63,3,3,12,Plot 2A
19,60,2.1,2,12,Plot 2A
20,72,3.5,4,12,Plot 2A
21,82,2.6,5,12,Plot 2A
22,74,2.4,4,12,Plot 2A
23,43,2.1,2,12,Plot 2A
24,75,2.1,3,12,Plot 2A
25,39,1.8,2,12,Plot 2A
26,65,1.9,3,12,Plot 2A
27,41,2.1,2,12,Plot 2A
28,59,1.9,2,12,Plot 2A
29,86,3.4,4,12,Plot 2A
30,74,3.3,4,12,Plot 2A
31,40,1.8,2,12,Plot 2A
32,55,2.2,2,12,Plot 2A
33,83,2.9,5,12,Plot 2A
34,48,2.2,2,12,Plot 2A
35,58,2.2,2,12,Plot 2A
36,44,1.9,2,12,Plot 2A
37,53,2.4,2,12,Plot 2A
38,44,2.1,2,12,Plot 2A
39,87,3.1,5,12,Plot 2A
40,38,1.4,2,12,Plot 2A
41,72,1.9,2,12,Plot 2A
42,57,2.6,3,12,Plot 2A
43,52,2,2,12,Plot 2A
44,44,2.5,3,12,Plot 2A
45,55,2.3,2,12,Plot 2A
46,65,2.4,4,12,Plot 2A
47,55,2.2,2,12,Plot 2A
48,78,2.9,4,12,Plot 2A
49,50,2.2,3,12,Plot 2A
50,61,1.9,2,12,Plot 2A
1,54,2.3,3,13,Plot 2A
2,58,2.4,3,13,Plot 2A
3,35,2.2,2,13,Plot 2A
4,36,1.6,1,13,Plot 2A
5,52,2.1,2,13,Plot 2A
6,66,1.9,3,13,Plot 2A
7,72,2.1,4,13,Plot 2A
8,53,2.6,2,13,Plot 2A
9,70,2.7,4,13,Plot 2A
10,59,2.8,2,13,Plot 2A
11,64,2.7,3,13,Plot 2A
12,42,1.5,2,13,Plot 2A
13,59,2.6,3,13,Plot 2A
14,53,1.9,2,13,Plot 2A
15,52,2.5,2,13,Plot 2A
16,53,1.9,2,13,Plot 2A
17,70,2.5,4,13,Plot 2A
18,65,3.2,3,13,Plot 2A
19,63,2.3,2,13,Plot 2A
20,75,3.7,4,13,Plot 2A
21,86,3,6,13,Plot 2A
22,77,2.5,5,13,Plot 2A
23,44,2.2,2,13,Plot 2A
24,79,2.2,4,13,Plot 2A
25,40,1.9,2,13,Plot 2A
26,67,2,3,13,Plot 2A
27,41,2.3,2,13,Plot 2A
28,62,2.1,2,13,Plot 2A
29,89,3.8,6,13,Plot 2A
30,77,3.5,5,13,Plot 2A
31,41,2,2,13,Plot 2A
32,58,2.4,2,13,Plot 2A
33,89,3.1,6,13,Plot 2A
34,50,2.4,3,13,Plot 2A
35,60,2.4,3,13,Plot 2A
36,46,2,2,13,Plot 2A
37,56,2.6,3,13,Plot 2A
38,46,2.2,2,13,Plot 2A
39,92,3.5,7,13,Plot 2A
40,38,1.5,2,13,Plot 2A
41,74,2,2,13,Plot 2A
42,59,2.8,3,13,Plot 2A
43,55,2.1,3,13,Plot 2A
44,44,2.7,3,13,Plot 2A
45,56,2.5,3,13,Plot 2A
46,69,2.6,4,13,Plot 2A
47,57,2.3,3,13,Plot 2A
48,81,3.1,4,13,Plot 2A
49,52,2.3,3,13,Plot 2A
50,65,2,2,13,Plot 2A
1,55,2.5,3,14,Plot 2A
2,60,2.7,3,14,Plot 2A
3,35,2.2,2,14,Plot 2A
4,37,1.8,1,14,Plot 2A
5,55,2.3,2,14,Plot 2A
6,68,2,3,14,Plot 2A
7,77,2.3,4,14,Plot 2A
8,54,2.6,2,14,Plot 2A
9,77,3,4,14,Plot 2A
10,60,3.1,2,14,Plot 2A
11,67,2.9,3,14,Plot 2A
12,43,1.6,2,14,Plot 2A
13,62,2.9,3,14,Plot 2A
14,54,1.9,2,14,Plot 2A
15,54,2.5,2,14,Plot 2A
16,55,2,2,14,Plot 2A
17,77,2.8,4,14,Plot 2A
18,69,3.5,3,14,Plot 2A
19,66,2.5,2,14,Plot 2A
20,80,3.9,5,14,Plot 2A
21,93,3.3,6,14,Plot 2A
22,83,2.6,5,14,Plot 2A
23,45,2.2,2,14,Plot 2A
24,85,2.8,5,14,Plot 2A
25,42,1.9,2,14,Plot 2A
26,72,2.2,3,14,Plot 2A
27,42,2.3,2,14,Plot 2A
28,66,2.2,2,14,Plot 2A
29,99,4.1,8,14,Plot 2A
30,83,4,5,14,Plot 2A
31,41,2.1,2,14,Plot 2A
32,61,2.6,2,14,Plot 2A
33,96,3.4,8,14,Plot 2A
34,52,2.6,3,14,Plot 2A
35,63,2.6,3,14,Plot 2A
36,47,2.2,2,14,Plot 2A
37,59,2.9,3,14,Plot 2A
38,47,2.5,2,14,Plot 2A
39,98,3.8,8,14,Plot 2A
40,39,1.6,2,14,Plot 2A
41,76,2.2,2,14,Plot 2A
42,61,3,3,14,Plot 2A
43,58,2.3,3,14,Plot 2A
44,45,3,3,14,Plot 2A
45,59,2.7,3,14,Plot 2A
46,74,2.8,4,14,Plot 2A
47,60,2.6,3,14,Plot 2A
48,89,3.4,5,14,Plot 2A
49,55,2.5,3,14,Plot 2A
50,69,2.2,3,14,Plot 2A
1,55,2.6,3,15,Plot 2A
2,60,2.7,3,15,Plot 2A
3,36,2.2,2,15,Plot 2A
4,38,1.8,2,15,Plot 2A
5,60,2.4,2,15,Plot 2A
6,71,2.1,3,15,Plot 2A
7,77,2.5,4,15,Plot 2A
8,56,2.7,3,15,Plot 2A
9,80,3.2,4,15,Plot 2A
10,62,3.1,4,15,Plot 2A
11,72,3,3,15,Plot 2A
12,44,1.7,2,15,Plot 2A
13,65,3.1,4,15,Plot 2A
14,56,2,3,15,Plot 2A
15,55,2.6,3,15,Plot 2A
16,57,2.1,3,15,Plot 2A
17,80,3,4,15,Plot 2A
18,72,3.7,4,15,Plot 2A
19,69,2.7,4,15,Plot 2A
20,84,4.2,6,15,Plot 2A
21,99,3.6,6,15,Plot 2A
22,84,3,5,15,Plot 2A
23,46,2.6,3,15,Plot 2A
24,91,2.6,7,15,Plot 2A
25,43,1.9,3,15,Plot 2A
26,76,2.3,3,15,Plot 2A
27,42,2.3,3,15,Plot 2A
28,70,2.4,3,15,Plot 2A
29,103,4.3,8,15,Plot 2A
30,88,4.3,6,15,Plot 2A
31,42,2.3,3,15,Plot 2A
32,64,2.8,4,15,Plot 2A
33,102,3.7,8,15,Plot 2A
34,54,2.6,3,15,Plot 2A
35,65,2.6,3,15,Plot 2A
36,49,2.2,3,15,Plot 2A
37,62,3.1,3,15,Plot 2A
38,49,2.6,2,15,Plot 2A
39,104,5.1,8,15,Plot 2A
40,39,1.7,2,15,Plot 2A
41,79,2.3,3,15,Plot 2A
42,63,3.2,4,15,Plot 2A
43,61,2.3,3,15,Plot 2A
44,47,3.2,4,15,Plot 2A
45,60,2.7,3,15,Plot 2A
46,79,3,4,15,Plot 2A
47,63,2.6,3,15,Plot 2A
48,95,3.7,6,15,Plot 2A
49,58,2.5,3,15,Plot 2A
50,73,2.4,4,15,Plot 2A
1,57,2.6,3,16,Plot 2A
2,60,2.8,3,16,Plot 2A
3,37,2.2,2,16,Plot 2A
4,39,1.8,2,16,Plot 2A
5,61,2.6,4,16,Plot 2A
6,73,2.2,4,16,Plot 2A
7,80,2.6,4,16,Plot 2A
8,58,2.8,3,16,Plot 2A
9,83,3.4,4,16,Plot 2A
10,64,3.2,4,16,Plot 2A
11,74,3.2,3,16,Plot 2A
12,45,1.8,2,16,Plot 2A
13,67,3.3,4,16,Plot 2A
14,59,2.2,3,16,Plot 2A
15,57,2.6,3,16,Plot 2A
16,58,2.2,3,16,Plot 2A
17,80,3.1,6,16,Plot 2A
18,75,3.9,5,16,Plot 2A
19,72,2.9,4,16,Plot 2A
20,88,4.4,7,16,Plot 2A
21,102,3.8,9,16,Plot 2A
22,93,3.2,6,16,Plot 2A
23,47,2.8,3,16,Plot 2A
24,96,2.8,7,16,Plot 2A
25,45,2,3,16,Plot 2A
26,79,2.4,3,16,Plot 2A
27,43,2.3,3,16,Plot 2A
28,73,2.5,3,16,Plot 2A
29,112,5,9,16,Plot 2A
30,92,4.6,6,16,Plot 2A
31,43,2.4,3,16,Plot 2A
32,67,3,4,16,Plot 2A
33,108,3.9,8,16,Plot 2A
34,57,2.7,3,16,Plot 2A
35,68,2.7,3,16,Plot 2A
36,51,2.5,3,16,Plot 2A
37,66,3.3,3,16,Plot 2A
38,50,2.8,2,16,Plot 2A
39,110,5.3,8,16,Plot 2A
40,40,1.8,2,16,Plot 2A
41,81,2.5,3,16,Plot 2A
42,64,3.4,4,16,Plot 2A
43,63,2.6,3,16,Plot 2A
44,48,3.2,4,16,Plot 2A
45,62,3,4,16,Plot 2A
46,83,3.2,4,16,Plot 2A
47,66,2.6,3,16,Plot 2A
48,98,3.9,6,16,Plot 2A
49,61,2.7,4,16,Plot 2A
50,77,2.5,4,16,Plot 2A
1,57,2.6,3,17,Plot 2A
2,62,2.8,3,17,Plot 2A
3,37,2.3,2,17,Plot 2A
4,39,1.8,2,17,Plot 2A
5,63,2.6,3,17,Plot 2A
6,73,2.2,3,17,Plot 2A
7,82,2.6,4,17,Plot 2A
8,58,3,3,17,Plot 2A
9,83,3.6,4,17,Plot 2A
10,64,3.2,4,17,Plot 2A
11,76,3.4,3,17,Plot 2A
12,45,1.8,2,17,Plot 2A
13,67,3.3,4,17,Plot 2A
14,59,2.2,3,17,Plot 2A
15,59,3.1,3,17,Plot 2A
16,58,2.2,3,17,Plot 2A
17,84,3.3,6,17,Plot 2A
18,76,4,5,17,Plot 2A
19,74,2.9,4,17,Plot 2A
20,90,4.6,6,17,Plot 2A
21,102,3.8,8,17,Plot 2A
22,95,3.2,6,17,Plot 2A
23,47,2.8,3,17,Plot 2A
24,96,2.8,7,17,Plot 2A
25,46,2,3,17,Plot 2A
26,79,2.4,3,17,Plot 2A
27,45,2.4,3,17,Plot 2A
28,74,2.5,3,17,Plot 2A
29,112,5.2,8,17,Plot 2A
30,92,4.6,6,17,Plot 2A
31,44,2.4,3,17,Plot 2A
32,68,3,4,17,Plot 2A
33,113,4.1,7,17,Plot 2A
34,57,2.8,3,17,Plot 2A
35,68,3,3,17,Plot 2A
36,51,2.5,3,17,Plot 2A
37,66,3.3,3,17,Plot 2A
38,52,2.8,2,17,Plot 2A
39,116,5.5,7,17,Plot 2A
40,40,1.8,2,17,Plot 2A
41,83,2.5,3,17,Plot 2A
42,64,3.4,4,17,Plot 2A
43,67,2.6,3,17,Plot 2A
44,52,3.2,4,17,Plot 2A
45,62,3,4,17,Plot 2A
46,85,3.2,4,17,Plot 2A
47,68,2.9,3,17,Plot 2A
48,102,4.2,6,17,Plot 2A
49,63,2.9,4,17,Plot 2A
50,78,2.5,4,17,Plot 2A
1,58,3.7,3,18,Plot 2A
2,62,3,3,18,Plot 2A
3,37,2.3,2,18,Plot 2A
4,39,1.8,2,18,Plot 2A
5,63,2.8,3,18,Plot 2A
6,73,2.4,3,18,Plot 2A
7,86,2.8,4,18,Plot 2A
8,60,3.1,2,18,Plot 2A
9,83,3.8,4,18,Plot 2A
10,66,3.5,4,18,Plot 2A
11,78,3.4,3,18,Plot 2A
12,45,1.9,2,18,Plot 2A
13,67,3.4,4,18,Plot 2A
14,60,2.4,3,18,Plot 2A
15,62,3.1,3,18,Plot 2A
16,58,2.2,3,18,Plot 2A
17,84,3.5,6,18,Plot 2A
18,76,4.1,5,18,Plot 2A
19,74,3.2,4,18,Plot 2A
20,90,5,6,18,Plot 2A
21,105,4.2,7,18,Plot 2A
22,100,3.4,6,18,Plot 2A
23,47,2.8,3,18,Plot 2A
24,96,3.1,7,18,Plot 2A
25,48,2,3,18,Plot 2A
26,79,2.5,3,18,Plot 2A
27,47,2.7,3,18,Plot 2A
28,76,2.6,3,18,Plot 2A
29,117,5.1,8,18,Plot 2A
30,92,4.8,5,18,Plot 2A
31,46,2.4,3,18,Plot 2A
32,68,3,4,18,Plot 2A
33,116,4.2,7,18,Plot 2A
34,57,3,3,18,Plot 2A
35,70,3,3,18,Plot 2A
36,51,2.5,3,18,Plot 2A
37,66,3.3,3,18,Plot 2A
38,52,2.8,2,18,Plot 2A
39,116,5.5,7,18,Plot 2A
40,40,1.8,2,18,Plot 2A
41,85,2.5,3,18,Plot 2A
42,64,3.4,4,18,Plot 2A
43,68,2.6,3,18,Plot 2A
44,56,3.4,3,18,Plot 2A
45,62,3.2,3,18,Plot 2A
46,85,3.3,3,18,Plot 2A
47,70,2.9,3,18,Plot 2A
48,102,3.9,5,18,Plot 2A
49,64,2.9,3,18,Plot 2A
50,78,2.7,5,18,Plot 2A
1,59,2.7,3,19,Plot 2A
2,64,3,3,19,Plot 2A
3,36,2.4,2,19,Plot 2A
4,40,1.9,2,19,Plot 2A
5,68,2.8,4,19,Plot 2A
6,75,2.3,3,19,Plot 2A
7,86,2.7,4,19,Plot 2A
8,60,3.2,3,19,Plot 2A
9,89,3.8,4,19,Plot 2A
10,67,3.4,4,19,Plot 2A
11,79,3.6,3,19,Plot 2A
12,46,2,2,19,Plot 2A
13,73,3.5,4,19,Plot 2A
14,62,2.3,3,19,Plot 2A
15,61,3.3,3,19,Plot 2A
16,60,2.3,3,19,Plot 2A
17,88,3.5,6,19,Plot 2A
18,79,4.2,5,19,Plot 2A
19,78,3,4,19,Plot 2A
20,94,4.9,6,19,Plot 2A
21,107,4,9,19,Plot 2A
22,100,3.5,6,19,Plot 2A
23,48,3,3,19,Plot 2A
24,104,3,7,19,Plot 2A
25,48,2,3,19,Plot 2A
26,82,2.7,3,19,Plot 2A
27,46,2.5,3,19,Plot 2A
28,78,2.9,3,19,Plot 2A
29,122,5.5,8,19,Plot 2A
30,98,4.9,6,19,Plot 2A
31,45,2.5,3,19,Plot 2A
32,72,3.2,4,19,Plot 2A
33,119,4.3,7,19,Plot 2A
34,60,3,3,19,Plot 2A
35,72,3.2,3,19,Plot 2A
36,53,2.7,3,19,Plot 2A
37,73,3.5,3,19,Plot 2A
38,54,2.9,2,19,Plot 2A
39,122,5.8,7,19,Plot 2A
40,41,1.9,2,19,Plot 2A
41,86,2.8,3,19,Plot 2A
42,66,3.6,4,19,Plot 2A
43,69,2.8,3,19,Plot 2A
44,53,3.3,4,19,Plot 2A
45,66,3.3,4,19,Plot 2A
46,90,3.2,4,19,Plot 2A
47,71,3.1,3,19,Plot 2A
48,107,4.4,6,19,Plot 2A
49,66,3.1,4,19,Plot 2A
50,83,2.5,4,19,Plot 2A
1,60,2.9,3,20,Plot 2A
2,67,3.1,3,20,Plot 2A
3,35,2.6,2,20,Plot 2A
4,41,2,2,20,Plot 2A
5,69,2.9,4,20,Plot 2A
6,78,2.4,4,20,Plot 2A
7,89,2.9,4,20,Plot 2A
8,61,3.3,3,20,Plot 2A
9,92,4,4,20,Plot 2A
10,69,3.5,4,20,Plot 2A
11,82,3.8,3,20,Plot 2A
12,47,2,2,20,Plot 2A
13,74,3.7,4,20,Plot 2A
14,64,2.4,3,20,Plot 2A
15,62,3.4,3,20,Plot 2A
16,61,2.4,3,20,Plot 2A
17,92,3.7,7,20,Plot 2A
18,82,4.5,6,20,Plot 2A
19,80,3.1,4,20,Plot 2A
20,98,5.1,7,20,Plot 2A
21,111,4.2,9,20,Plot 2A
22,104,3.7,7,20,Plot 2A
23,49,3.1,3,20,Plot 2A
24,107,3.2,8,20,Plot 2A
25,49,2.1,3,20,Plot 2A
26,86,2.8,3,20,Plot 2A
27,46,2.6,3,20,Plot 2A
28,81,2.9,3,20,Plot 2A
29,126,5.8,9,20,Plot 2A
30,101,5.1,7,20,Plot 2A
31,46,2.7,3,20,Plot 2A
32,74,3.3,4,20,Plot 2A
33,124,4.6,8,20,Plot 2A
34,62,3.1,3,20,Plot 2A
35,73,3.3,3,20,Plot 2A
36,54,2.8,3,20,Plot 2A
37,72,3.7,3,20,Plot 2A
38,55,3.1,2,20,Plot 2A
39,127,6.2,8,20,Plot 2A
40,41,2,2,20,Plot 2A
41,89,2.9,3,20,Plot 2A
42,67,3.8,4,20,Plot 2A
43,72,2.9,3,20,Plot 2A
44,55,3.5,4,20,Plot 2A
45,67,3.4,4,20,Plot 2A
46,94,3.3,4,20,Plot 2A
47,74,3.2,3,20,Plot 2A
48,112,4.7,7,20,Plot 2A
49,69,3.2,4,20,Plot 2A
50,86,2.6,4,20,Plot 2A
1,62,3,3,21,Plot 2A
2,69,3.3,3,21,Plot 2A
3,35,2.7,2,21,Plot 2A
4,42,2.1,2,21,Plot 2A
5,71,3.1,4,21,Plot 2A
6,80,2.5,4,21,Plot 2A
7,93,3,5,21,Plot 2A
8,63,3.5,3,21,Plot 2A
9,96,4.2,5,21,Plot 2A
10,71,3.7,4,21,Plot 2A
11,85,4,3,21,Plot 2A
12,48,2.1,2,21,Plot 2A
13,77,3.9,5,21,Plot 2A
14,66,2.5,3,21,Plot 2A
15,64,3.6,3,21,Plot 2A
16,63,2.5,3,21,Plot 2A
17,96,3.9,7,21,Plot 2A
18,84,4.7,6,21,Plot 2A
19,84,3.2,4,21,Plot 2A
20,101,5.4,7,21,Plot 2A
21,116,4.5,10,21,Plot 2A
22,109,3.9,7,21,Plot 2A
23,50,3.3,3,21,Plot 2A
24,113,3.3,8,21,Plot 2A
25,51,2.2,3,21,Plot 2A
26,89,2.9,3,21,Plot 2A
27,47,2.8,3,21,Plot 2A
28,84,3.1,3,21,Plot 2A
29,133,6.2,9,21,Plot 2A
30,106,5.4,7,21,Plot 2A
31,47,2.8,3,21,Plot 2A
32,77,3.5,4,21,Plot 2A
33,130,4.8,8,21,Plot 2A
34,64,3.3,3,21,Plot 2A
35,77,3.5,3,21,Plot 2A
36,56,3,3,21,Plot 2A
37,78,3.9,3,21,Plot 2A
38,57,3.2,2,21,Plot 2A
39,133,6.5,8,21,Plot 2A
40,42,2,2,21,Plot 2A
41,92,3.1,3,21,Plot 2A
42,69,4,4,21,Plot 2A
43,75,3.1,3,21,Plot 2A
44,56,3.7,5,21,Plot 2A
45,69,3.6,5,21,Plot 2A
46,99,3.5,5,21,Plot 2A
47,76,3.4,3,21,Plot 2A
48,117,4.9,7,21,Plot 2A
49,72,3.4,5,21,Plot 2A
50,90,2.7,5,21,Plot 2A
1,63,3.2,3,22,Plot 2A
2,70,3.4,4,22,Plot 2A
3,34,2.8,2,22,Plot 2A
4,43,2.2,2,22,Plot 2A
5,72,3.3,4,22,Plot 2A
6,81,2.6,4,22,Plot 2A
7,94,3.2,5,22,Plot 2A
8,64,3.7,4,22,Plot 2A
9,97,4.5,5,22,Plot 2A
10,72,3.9,4,22,Plot 2A
11,86,4.2,4,22,Plot 2A
12,49,2.2,2,22,Plot 2A
13,78,4,5,22,Plot 2A
14,67,2.7,4,22,Plot 2A
15,65,3.8,4,22,Plot 2A
16,64,2.7,4,22,Plot 2A
17,97,4.1,7,22,Plot 2A
18,85,4.9,6,22,Plot 2A
19,85,3.3,4,22,Plot 2A
20,102,5.7,7,22,Plot 2A
21,117,4.7,11,22,Plot 2A
22,110,4.1,7,22,Plot 2A
23,51,3.4,4,22,Plot 2A
24,114,3.5,9,22,Plot 2A
25,52,2.3,4,22,Plot 2A
26,90,3.1,4,22,Plot 2A
27,48,2.9,4,22,Plot 2A
28,85,3.2,4,22,Plot 2A
29,134,6.5,10,22,Plot 2A
30,107,5.7,7,22,Plot 2A
31,48,2.9,4,22,Plot 2A
32,78,3.7,4,22,Plot 2A
33,131,5.1,9,22,Plot 2A
34,65,3.4,4,22,Plot 2A
35,78,3.7,4,22,Plot 2A
36,57,3.1,4,22,Plot 2A
37,79,4.1,4,22,Plot 2A
38,58,3.4,2,22,Plot 2A
39,134,6.8,9,22,Plot 2A
40,43,2.1,2,22,Plot 2A
41,93,3.2,3,22,Plot 2A
42,70,4.1,4,22,Plot 2A
43,76,3.2,4,22,Plot 2A
44,57,3.8,5,22,Plot 2A
45,70,3.7,5,22,Plot 2A
46,100,3.7,5,22,Plot 2A
47,77,3.5,4,22,Plot 2A
48,118,5.2,7,22,Plot 2A
49,73,3.5,5,22,Plot 2A
50,91,2.8,5,22,Plot 2A
1,63,3.3,3,23,Plot 2A
1,65,3.4,3,23,Plot 2A
2,70,3.6,4,23,Plot 2A
2,72,3.5,4,23,Plot 2A
3,33,2.9,2,23,Plot 2A
3,34,2.9,2,23,Plot 2A
4,42,2.3,2,23,Plot 2A
4,44,2.3,2,23,Plot 2A
5,74,3.4,4,23,Plot 2A
5,75,3.4,4,23,Plot 2A
6,81,2.7,4,23,Plot 2A
6,83,2.7,4,23,Plot 2A
7,95,3.3,5,23,Plot 2A
7,97,3.3,5,23,Plot 2A
8,64,3.8,4,23,Plot 2A
8,66,3.9,4,23,Plot 2A
9,99,4.7,5,23,Plot 2A
9,102,4.7,5,23,Plot 2A
10,71,4.1,4,23,Plot 2A
10,74,4.1,4,23,Plot 2A
11,87,4.4,4,23,Plot 2A
11,89,4.4,4,23,Plot 2A
12,48,2.3,2,23,Plot 2A
12,50,2.3,2,23,Plot 2A
13,79,4.2,5,23,Plot 2A
13,81,4.2,5,23,Plot 2A
14,67,2.8,4,23,Plot 2A
14,69,2.8,4,23,Plot 2A
15,65,3.9,4,23,Plot 2A
15,67,4,4,23,Plot 2A
16,64,2.8,4,23,Plot 2A
16,66,2.8,4,23,Plot 2A
17,99,4.3,8,23,Plot 2A
17,102,4.3,7,23,Plot 2A
18,86,5.1,6,23,Plot 2A
18,88,5.1,6,23,Plot 2A
19,86,3.5,4,23,Plot 2A
19,89,3.4,4,23,Plot 2A
20,104,6,7,23,Plot 2A
20,105,6,7,23,Plot 2A
21,120,4.9,11,23,Plot 2A
21,121,4.9,11,23,Plot 2A
22,112,4.2,8,23,Plot 2A
22,116,4.3,8,23,Plot 2A
23,50,3.6,4,23,Plot 2A
23,52,3.5,4,23,Plot 2A
24,116,3.6,9,23,Plot 2A
24,120,3.6,9,23,Plot 2A
25,51,2.4,4,23,Plot 2A
25,53,2.4,4,23,Plot 2A
26,91,3.2,4,23,Plot 2A
26,93,3.2,4,23,Plot 2A
27,47,3,4,23,Plot 2A
27,49,3,4,23,Plot 2A
28,87,3.4,4,23,Plot 2A
28,88,3.4,4,23,Plot 2A
29,138,6.8,10,23,Plot 2A
29,143,6.8,10,23,Plot 2A
30,109,6,8,23,Plot 2A
30,112,6,7,23,Plot 2A
31,47,3,4,23,Plot 2A
31,49,3,4,23,Plot 2A
32,78,3.8,4,23,Plot 2A
32,81,3.9,4,23,Plot 2A
33,135,5.3,9,23,Plot 2A
33,136,5.3,9,23,Plot 2A
34,65,3.6,4,23,Plot 2A
34,67,3.5,4,23,Plot 2A
35,77,3.9,4,23,Plot 2A
35,81,3.9,4,23,Plot 2A
36,57,3.3,4,23,Plot 2A
36,59,3.3,4,23,Plot 2A
37,79,4.3,4,23,Plot 2A
37,83,4.3,4,23,Plot 2A
38,58,3.5,2,23,Plot 2A
38,60,3.5,2,23,Plot 2A
39,137,7.2,9,23,Plot 2A
39,139,7.1,9,23,Plot 2A
40,42,2.2,2,23,Plot 2A
40,44,2.2,2,23,Plot 2A
41,95,3.4,3,23,Plot 2A
41,96,3.3,3,23,Plot 2A
42,70,4.3,4,23,Plot 2A
42,72,4.2,4,23,Plot 2A
43,77,3.4,4,23,Plot 2A
43,79,3.4,4,23,Plot 2A
44,56,4,5,23,Plot 2A
44,58,4,5,23,Plot 2A
45,69,3.9,5,23,Plot 2A
45,72,3.9,5,23,Plot 2A
46,102,3.8,5,23,Plot 2A
46,105,3.9,5,23,Plot 2A
47,78,3.7,4,23,Plot 2A
47,80,3.7,4,23,Plot 2A
48,121,5.4,8,23,Plot 2A
48,125,5.4,7,23,Plot 2A
49,74,3.7,5,23,Plot 2A
49,76,3.6,5,23,Plot 2A
50,93,2.9,5,23,Plot 2A
50,95,2.9,5,23,Plot 2A
1,66,3.6,3,25,Plot 2A
2,74,3.7,4,25,Plot 2A
3,34,3,2,25,Plot 2A
4,45,2.4,2,25,Plot 2A
5,78,3.6,4,25,Plot 2A
6,85,2.8,4,25,Plot 2A
7,100,3.5,5,25,Plot 2A
8,67,4,4,25,Plot 2A
9,106,4.9,5,25,Plot 2A
10,76,4.2,4,25,Plot 2A
11,92,4.6,4,25,Plot 2A
12,51,2.4,2,25,Plot 2A
13,83,4.3,5,25,Plot 2A
14,71,2.9,4,25,Plot 2A
15,69,4.1,4,25,Plot 2A
16,67,2.9,4,25,Plot 2A
17,105,4.5,8,25,Plot 2A
18,90,5.3,6,25,Plot 2A
19,92,3.6,4,25,Plot 2A
20,109,6.2,7,25,Plot 2A
21,126,5.1,12,25,Plot 2A
22,120,4.5,8,25,Plot 2A
23,53,3.7,4,25,Plot 2A
24,124,3.8,10,25,Plot 2A
25,55,2.5,4,25,Plot 2A
26,96,3.4,4,25,Plot 2A
27,49,3.1,4,25,Plot 2A
28,91,3.5,4,25,Plot 2A
29,149,7.1,11,25,Plot 2A
30,116,6.2,8,25,Plot 2A
31,50,3.1,4,25,Plot 2A
32,83,4,4,25,Plot 2A
33,141,5.6,10,25,Plot 2A
34,69,3.7,4,25,Plot 2A
35,83,4,4,25,Plot 2A
36,60,3.4,4,25,Plot 2A
37,85,4.5,4,25,Plot 2A
38,61,3.7,2,25,Plot 2A
39,144,7.4,10,25,Plot 2A
40,44,2.2,2,25,Plot 2A
41,99,3.5,3,25,Plot 2A
42,73,4.4,4,25,Plot 2A
43,82,3.5,4,25,Plot 2A
44,60,4.1,5,25,Plot 2A
45,74,4,5,25,Plot 2A
46,109,4.1,5,25,Plot 2A
47,82,3.8,4,25,Plot 2A
48,130,5.7,8,25,Plot 2A
49,79,3.8,5,25,Plot 2A
50,99,3,5,25,Plot 2A
1,68,3.7,3,26,Plot 2A
2,76,3.8,4,26,Plot 2A
3,33,3.2,2,26,Plot 2A
4,46,2.5,2,26,Plot 2A
5,80,3.7,5,26,Plot 2A
6,87,2.9,4,26,Plot 2A
7,104,3.6,6,26,Plot 2A
8,69,4.2,4,26,Plot 2A
9,110,5.1,6,26,Plot 2A
10,78,4.4,4,26,Plot 2A
11,94,4.8,4,26,Plot 2A
12,52,2.5,2,26,Plot 2A
13,86,4.5,6,26,Plot 2A
14,73,3,4,26,Plot 2A
15,70,4.2,4,26,Plot 2A
16,69,3,4,26,Plot 2A
17,109,4.7,8,26,Plot 2A
18,93,5.5,7,26,Plot 2A
19,95,3.7,4,26,Plot 2A
20,112,6.5,8,26,Plot 2A
21,130,5.3,12,26,Plot 2A
22,125,4.6,8,26,Plot 2A
23,54,3.8,4,26,Plot 2A
24,129,3.9,10,26,Plot 2A
25,56,2.6,4,26,Plot 2A
26,99,3.5,4,26,Plot 2A
27,50,3.2,4,26,Plot 2A
28,94,3.6,4,26,Plot 2A
29,155,7.4,11,26,Plot 2A
30,120,6.5,8,26,Plot 2A
31,51,3.3,4,26,Plot 2A
32,86,4.2,4,26,Plot 2A
33,147,5.8,10,26,Plot 2A
34,71,3.8,4,26,Plot 2A
35,85,4.2,4,26,Plot 2A
36,62,3.5,4,26,Plot 2A
37,89,4.7,4,26,Plot 2A
38,63,3.8,2,26,Plot 2A
39,149,7.7,10,26,Plot 2A
40,45,2.3,2,26,Plot 2A
41,102,3.6,3,26,Plot 2A
42,75,4.5,4,26,Plot 2A
43,85,3.6,4,26,Plot 2A
44,61,4.3,6,26,Plot 2A
45,75,4.2,6,26,Plot 2A
46,113,4.2,6,26,Plot 2A
47,85,3.9,4,26,Plot 2A
48,134,5.9,8,26,Plot 2A
49,82,4,6,26,Plot 2A
50,102,3.1,6,26,Plot 2A
1,69,3.9,3,27,Plot 2A
2,78,4,5,27,Plot 2A
3,33,3.3,2,27,Plot 2A
4,47,2.6,2,27,Plot 2A
5,83,3.9,5,27,Plot 2A
6,90,3,4,27,Plot 2A
7,107,3.7,6,27,Plot 2A
8,70,4.3,4,27,Plot 2A
9,113,5.3,6,27,Plot 2A
10,79,4.6,4,27,Plot 2A
11,97,4.9,5,27,Plot 2A
12,53,2.5,2,27,Plot 2A
13,88,4.7,6,27,Plot 2A
14,75,3.1,5,27,Plot 2A
15,72,4.4,5,27,Plot 2A
16,70,3.1,5,27,Plot 2A
17,113,4.8,8,27,Plot 2A
18,95,5.8,7,27,Plot 2A
19,97,3.9,4,27,Plot 2A
20,116,6.7,8,27,Plot 2A
21,134,5.5,13,27,Plot 2A
22,129,4.8,9,27,Plot 2A
23,55,4,5,27,Plot 2A
24,133,4.1,11,27,Plot 2A
25,58,2.7,5,27,Plot 2A
26,102,3.6,5,27,Plot 2A
27,51,3.4,5,27,Plot 2A
28,97,3.8,5,27,Plot 2A
29,161,7.7,12,27,Plot 2A
30,124,6.7,8,27,Plot 2A
31,52,3.4,5,27,Plot 2A
32,88,4.3,4,27,Plot 2A
33,152,6,11,27,Plot 2A
34,73,4,5,27,Plot 2A
35,88,4.4,5,27,Plot 2A
36,63,3.7,5,27,Plot 2A
37,91,4.8,5,27,Plot 2A
38,64,4,2,27,Plot 2A
39,154,8.1,11,27,Plot 2A
40,46,2.4,2,27,Plot 2A
41,104,3.8,3,27,Plot 2A
42,76,4.7,4,27,Plot 2A
43,87,3.8,5,27,Plot 2A
44,62,4.5,6,27,Plot 2A
45,77,4.4,6,27,Plot 2A
46,117,4.4,6,27,Plot 2A
47,87,4.1,5,27,Plot 2A
48,139,6.1,8,27,Plot 2A
49,84,4.1,6,27,Plot 2A
50,106,3.2,6,27,Plot 2A
1,71,4,3,28,Plot 2A
2,80,4.1,5,28,Plot 2A
3,33,3.4,2,28,Plot 2A
4,48,2.6,2,28,Plot 2A
5,85,4,5,28,Plot 2A
6,92,3.1,4,28,Plot 2A
7,110,3.9,6,28,Plot 2A
8,72,4.5,4,28,Plot 2A
9,117,5.5,6,28,Plot 2A
10,81,4.7,4,28,Plot 2A
11,100,5.1,5,28,Plot 2A
12,53,2.6,2,28,Plot 2A
13,91,4.9,6,28,Plot 2A
14,77,3.2,5,28,Plot 2A
15,74,4.6,5,28,Plot 2A
16,72,3.2,5,28,Plot 2A
17,116,5,8,28,Plot 2A
18,98,6,7,28,Plot 2A
19,100,4,4,28,Plot 2A
20,119,7,8,28,Plot 2A
21,139,5.7,13,28,Plot 2A
22,133,5,9,28,Plot 2A
23,56,4.1,5,28,Plot 2A
24,138,4.2,11,28,Plot 2A
25,59,2.8,5,28,Plot 2A
26,105,3.7,5,28,Plot 2A
27,51,3.5,5,28,Plot 2A
28,100,3.9,5,28,Plot 2A
29,167,8,12,28,Plot 2A
30,128,7,8,28,Plot 2A
31,53,3.5,5,28,Plot 2A
32,91,4.5,4,28,Plot 2A
33,157,6.2,11,28,Plot 2A
34,75,4.1,5,28,Plot 2A
35,90,4.5,5,28,Plot 2A
36,65,3.8,5,28,Plot 2A
37,94,5,5,28,Plot 2A
38,66,4.1,2,28,Plot 2A
39,159,8.4,11,28,Plot 2A
40,47,2.5,2,28,Plot 2A
41,107,3.9,3,28,Plot 2A
42,78,4.9,4,28,Plot 2A
43,90,3.9,5,28,Plot 2A
44,63,4.6,6,28,Plot 2A
45,79,4.5,6,28,Plot 2A
46,121,4.6,6,28,Plot 2A
47,90,4.2,5,28,Plot 2A
48,144,6.4,8,28,Plot 2A
49,87,4.2,6,28,Plot 2A
50,109,3.3,6,28,Plot 2A
1,34,0.5,1,3,Plot 2B
2,25,0.3,1,3,Plot 2B
3,31,0.4,1,3,Plot 2B
4,31,0.4,1,3,Plot 2B
5,34,0.4,1,3,Plot 2B
6,31,0.5,1,3,Plot 2B
7,40,0.6,2,3,Plot 2B
8,31,0.5,1,3,Plot 2B
9,27,0.4,1,3,Plot 2B
10,29,0.6,1,3,Plot 2B
11,34,0.5,1,3,Plot 2B
12,32,0.4,1,3,Plot 2B
13,30,0.5,1,3,Plot 2B
14,39,0.5,2,3,Plot 2B
15,34,0.6,1,3,Plot 2B
16,25,0.5,1,3,Plot 2B
17,30,0.5,1,3,Plot 2B
18,26,0.5,1,3,Plot 2B
19,36,0.5,2,3,Plot 2B
20,38,0.6,2,3,Plot 2B
21,37,0.6,1,3,Plot 2B
22,30,0.7,1,3,Plot 2B
23,39,0.6,2,3,Plot 2B
24,33,0.5,1,3,Plot 2B
25,29,0.6,1,3,Plot 2B
26,25,0.6,1,3,Plot 2B
27,31,0.7,1,3,Plot 2B
28,29,0.6,1,3,Plot 2B
29,34,0.5,1,3,Plot 2B
30,38,0.5,1,3,Plot 2B
31,33,0.4,1,3,Plot 2B
32,32,0.5,1,3,Plot 2B
33,30,0.4,1,3,Plot 2B
34,36,0.6,2,3,Plot 2B
35,29,0.4,1,3,Plot 2B
36,35,0.6,1,3,Plot 2B
37,30,0.6,1,3,Plot 2B
38,27,0.5,1,3,Plot 2B
39,34,0.5,2,3,Plot 2B
40,37,0.5,1,3,Plot 2B
41,21,0.5,1,3,Plot 2B
42,29,0.6,1,3,Plot 2B
43,30,0.4,1,3,Plot 2B
44,38,0.6,2,3,Plot 2B
45,36,0.6,2,3,Plot 2B
46,34,0.5,1,3,Plot 2B
47,32,0.6,1,3,Plot 2B
48,31,0.6,1,3,Plot 2B
49,28,0.4,1,3,Plot 2B
50,32,0.5,1,3,Plot 2B
1,41,0.7,1,4,Plot 2B
2,29,0.3,1,4,Plot 2B
3,38,0.4,1,4,Plot 2B
4,36,0.4,1,4,Plot 2B
5,36,0.5,1,4,Plot 2B
6,36,0.6,1,4,Plot 2B
7,46,0.8,2,4,Plot 2B
8,34,0.7,1,4,Plot 2B
9,31,0.4,1,4,Plot 2B
10,34,0.7,1,4,Plot 2B
11,39,0.6,1,4,Plot 2B
12,37,0.5,1,4,Plot 2B
13,37,0.6,1,4,Plot 2B
14,41,0.5,2,4,Plot 2B
15,37,0.6,1,4,Plot 2B
16,30,0.5,1,4,Plot 2B
17,33,0.5,1,4,Plot 2B
18,31,0.6,1,4,Plot 2B
19,38,0.6,2,4,Plot 2B
20,44,0.7,2,4,Plot 2B
21,40,0.6,1,4,Plot 2B
22,35,0.8,1,4,Plot 2B
23,45,0.6,2,4,Plot 2B
24,40,0.6,1,4,Plot 2B
25,35,0.7,1,4,Plot 2B
26,28,0.7,1,4,Plot 2B
27,33,0.7,1,4,Plot 2B
28,35,0.6,1,4,Plot 2B
29,39,0.5,1,4,Plot 2B
30,44,0.7,1,4,Plot 2B
31,35,0.4,1,4,Plot 2B
32,35,0.7,1,4,Plot 2B
33,33,0.5,1,4,Plot 2B
34,40,0.7,2,4,Plot 2B
35,35,0.5,1,4,Plot 2B
36,39,0.7,1,4,Plot 2B
37,36,0.7,1,4,Plot 2B
38,32,0.5,1,4,Plot 2B
39,38,0.6,2,4,Plot 2B
40,43,0.6,1,4,Plot 2B
41,24,0.5,1,4,Plot 2B
42,32,0.6,1,4,Plot 2B
43,35,0.5,1,4,Plot 2B
44,40,0.7,2,4,Plot 2B
45,40,0.7,2,4,Plot 2B
46,37,0.6,1,4,Plot 2B
47,38,0.7,1,4,Plot 2B
48,35,0.7,1,4,Plot 2B
49,34,0.5,1,4,Plot 2B
50,34,0.5,1,4,Plot 2B
1,46,0.7,2,5,Plot 2B
2,36,0.5,1,5,Plot 2B
3,39,0.6,1,5,Plot 2B
4,42,0.6,1,5,Plot 2B
5,43,0.6,1,5,Plot 2B
6,37,0.7,1,5,Plot 2B
7,52,0.8,3,5,Plot 2B
8,39,0.7,1,5,Plot 2B
9,37,0.6,1,5,Plot 2B
10,40,0.8,1,5,Plot 2B
11,45,0.7,2,5,Plot 2B
12,43,0.7,1,5,Plot 2B
13,43,0.7,1,5,Plot 2B
14,48,0.7,2,5,Plot 2B
15,38,0.8,1,5,Plot 2B
16,33,0.8,1,5,Plot 2B
17,38,0.6,1,5,Plot 2B
18,33,0.7,1,5,Plot 2B
19,41,0.7,2,5,Plot 2B
20,51,0.8,2,5,Plot 2B
21,42,0.8,1,5,Plot 2B
22,40,0.9,1,5,Plot 2B
23,51,0.7,2,5,Plot 2B
24,45,0.8,2,5,Plot 2B
25,37,0.7,1,5,Plot 2B
26,30,0.9,1,5,Plot 2B
27,38,0.9,1,5,Plot 2B
28,38,0.9,1,5,Plot 2B
29,44,0.8,1,5,Plot 2B
30,47,0.8,2,5,Plot 2B
31,39,0.9,1,5,Plot 2B
32,41,0.7,1,5,Plot 2B
33,36,0.7,1,5,Plot 2B
34,47,0.9,2,5,Plot 2B
35,36,0.6,1,5,Plot 2B
36,42,0.8,2,5,Plot 2B
37,40,0.9,1,5,Plot 2B
38,35,0.7,1,5,Plot 2B
39,39,0.6,2,5,Plot 2B
40,50,0.9,2,5,Plot 2B
41,28,0.8,1,5,Plot 2B
42,37,0.7,1,5,Plot 2B
43,37,0.8,1,5,Plot 2B
44,42,0.9,2,5,Plot 2B
45,41,0.8,2,5,Plot 2B
46,39,0.6,1,5,Plot 2B
47,42,0.8,2,5,Plot 2B
48,40,0.8,1,5,Plot 2B
49,39,0.7,1,5,Plot 2B
50,38,0.8,1,5,Plot 2B
1,46,1.1,2,6,Plot 2B
2,36,0.8,1,6,Plot 2B
3,39,1,1,6,Plot 2B
4,43,0.8,1,6,Plot 2B
5,43,0.8,1,6,Plot 2B
6,38,1.1,2,6,Plot 2B
7,53,0.6,3,6,Plot 2B
8,39,0.5,1,6,Plot 2B
9,38,1.1,2,6,Plot 2B
10,41,1.3,2,6,Plot 2B
11,46,1.3,2,6,Plot 2B
12,44,0.7,1,6,Plot 2B
13,43,1.1,1,6,Plot 2B
14,49,1.5,2,6,Plot 2B
15,39,1.4,1,6,Plot 2B
16,34,1.5,2,6,Plot 2B
17,39,1.5,1,6,Plot 2B
18,39,1.4,2,6,Plot 2B
19,42,1.1,2,6,Plot 2B
20,52,1.1,2,6,Plot 2B
21,50,1.4,3,6,Plot 2B
22,41,1.4,2,6,Plot 2B
23,52,0.7,2,6,Plot 2B
24,46,1,2,6,Plot 2B
25,38,1,1,6,Plot 2B
26,31,1.3,2,6,Plot 2B
27,39,1.1,1,6,Plot 2B
28,39,0.9,1,6,Plot 2B
29,55,1.3,2,6,Plot 2B
30,48,1.4,2,6,Plot 2B
31,40,1.5,2,6,Plot 2B
32,52,1.1,3,6,Plot 2B
33,45,1.4,2,6,Plot 2B
34,48,0.8,2,6,Plot 2B
35,37,0.7,1,6,Plot 2B
36,43,0.9,2,6,Plot 2B
37,41,1.5,2,6,Plot 2B
38,36,1.1,1,6,Plot 2B
39,40,1.1,2,6,Plot 2B
40,51,1.5,2,6,Plot 2B
41,29,1,1,6,Plot 2B
42,38,1.2,1,6,Plot 2B
43,38,1.3,2,6,Plot 2B
44,43,1.2,2,6,Plot 2B
45,42,1.1,2,6,Plot 2B
46,40,1.2,1,6,Plot 2B
47,43,1.4,2,6,Plot 2B
48,41,0.9,1,6,Plot 2B
49,40,1.1,2,6,Plot 2B
50,39,1,1,6,Plot 2B
1,46,1.2,2,7,Plot 2B
2,36,0.9,1,7,Plot 2B
3,39,1.1,1,7,Plot 2B
4,43,0.9,1,7,Plot 2B
5,44,0.9,1,7,Plot 2B
6,49,1.3,2,7,Plot 2B
7,54,0.7,3,7,Plot 2B
8,42,0.6,1,7,Plot 2B
9,40,1.2,2,7,Plot 2B
10,48,1.4,2,7,Plot 2B
11,46,1.4,2,7,Plot 2B
12,45,0.8,1,7,Plot 2B
13,45,1.2,1,7,Plot 2B
14,56,1.6,2,7,Plot 2B
15,46,1.5,1,7,Plot 2B
16,43,1.6,2,7,Plot 2B
17,39,1.6,1,7,Plot 2B
18,47,1.5,2,7,Plot 2B
19,42,1.2,2,7,Plot 2B
20,52,1.2,2,7,Plot 2B
21,62,1.7,3,7,Plot 2B
22,45,1.5,2,7,Plot 2B
23,52,0.8,1,7,Plot 2B
24,46,1.1,2,7,Plot 2B
25,38,1.1,1,7,Plot 2B
26,45,1.4,2,7,Plot 2B
27,39,1.2,1,7,Plot 2B
28,40,1,1,7,Plot 2B
29,65,1.4,3,7,Plot 2B
30,48,1.5,2,7,Plot 2B
31,45,1.6,2,7,Plot 2B
32,69,1.4,3,7,Plot 2B
33,64,1.5,2,7,Plot 2B
34,48,0.9,2,7,Plot 2B
35,45,0.8,1,7,Plot 2B
36,43,1,2,7,Plot 2B
37,43,1.6,2,7,Plot 2B
38,36,1.2,1,7,Plot 2B
39,41,1.2,2,7,Plot 2B
40,56,1.6,2,7,Plot 2B
41,36,1.1,1,7,Plot 2B
42,39,1.3,1,7,Plot 2B
43,39,1.4,2,7,Plot 2B
44,57,1.3,2,7,Plot 2B
45,43,1.1,2,7,Plot 2B
46,47,1.3,1,7,Plot 2B
47,48,1.5,2,7,Plot 2B
48,42,1,1,7,Plot 2B
49,52,1.2,2,7,Plot 2B
50,46,1.1,1,7,Plot 2B
1,46,1.4,2,8,Plot 2B
2,37,1.1,1,8,Plot 2B
3,39,1.3,1,8,Plot 2B
4,45,1.1,1,8,Plot 2B
5,46,1.1,1,8,Plot 2B
6,50,1.8,2,8,Plot 2B
7,54,0.9,3,8,Plot 2B
8,44,0.8,1,8,Plot 2B
9,41,1.4,2,8,Plot 2B
10,49,1.6,2,8,Plot 2B
11,48,1.6,2,8,Plot 2B
12,48,1,1,8,Plot 2B
13,47,1.4,1,8,Plot 2B
14,53,1.8,1,8,Plot 2B
15,47,1.7,1,8,Plot 2B
16,46,1.8,2,8,Plot 2B
17,41,1.8,1,8,Plot 2B
18,49,1.7,2,8,Plot 2B
19,45,1.4,2,8,Plot 2B
20,52,1.4,2,8,Plot 2B
21,65,1.9,3,8,Plot 2B
22,48,1.7,2,8,Plot 2B
23,54,1,2,8,Plot 2B
24,49,1.3,2,8,Plot 2B
25,38,1.3,1,8,Plot 2B
26,48,1.6,2,8,Plot 2B
27,42,1.4,1,8,Plot 2B
28,41,1.2,1,8,Plot 2B
29,66,2,3,8,Plot 2B
30,51,1.7,2,8,Plot 2B
31,48,1.8,2,8,Plot 2B
32,72,2.2,3,8,Plot 2B
33,67,2.4,2,8,Plot 2B
34,51,1.1,2,8,Plot 2B
35,48,1,1,8,Plot 2B
36,47,1.2,2,8,Plot 2B
37,46,1.8,2,8,Plot 2B
38,39,1.4,1,8,Plot 2B
39,41,1.4,2,8,Plot 2B
40,54,1.8,2,8,Plot 2B
41,36,1.3,1,8,Plot 2B
42,42,1.5,1,8,Plot 2B
43,40,1.6,2,8,Plot 2B
44,60,1.5,2,8,Plot 2B
45,47,1.4,2,8,Plot 2B
46,48,1.5,1,8,Plot 2B
47,49,1.7,2,8,Plot 2B
48,47,1.2,1,8,Plot 2B
49,53,1.4,2,8,Plot 2B
50,48,1.3,1,8,Plot 2B
1,51,1.4,3,9,Plot 2B
2,41,1.3,2,9,Plot 2B
3,47,1.5,2,9,Plot 2B
4,49,1.2,2,9,Plot 2B
5,46,1.4,3,9,Plot 2B
6,55,1.9,2,9,Plot 2B
7,59,1.3,3,9,Plot 2B
8,47,1,2,9,Plot 2B
9,48,1.6,2,9,Plot 2B
10,56,1.8,3,9,Plot 2B
11,50,1.9,2,9,Plot 2B
12,52,1.3,2,9,Plot 2B
13,52,1.7,1,9,Plot 2B
14,56,2.2,1,9,Plot 2B
15,51,2,2,9,Plot 2B
16,50,2.2,3,9,Plot 2B
17,44,2.2,3,9,Plot 2B
18,54,2,2,9,Plot 2B
19,46,1.6,3,9,Plot 2B
20,54,1.5,2,9,Plot 2B
21,68,2.2,4,9,Plot 2B
22,52,1.9,2,9,Plot 2B
23,50,1.3,2,9,Plot 2B
24,53,1.5,2,9,Plot 2B
25,40,1.4,2,9,Plot 2B
26,51,1.8,1,9,Plot 2B
27,44,1.5,1,9,Plot 2B
28,45,1.3,2,9,Plot 2B
29,68,2.3,3,9,Plot 2B
30,54,2,2,9,Plot 2B
31,51,2.2,2,9,Plot 2B
32,77,2.4,4,9,Plot 2B
33,70,2.7,4,9,Plot 2B
34,55,1.1,2,9,Plot 2B
35,51,1.1,2,9,Plot 2B
36,53,1.3,2,9,Plot 2B
37,50,2.1,2,9,Plot 2B
38,44,1.6,2,9,Plot 2B
39,43,1.6,2,9,Plot 2B
40,58,2.2,3,9,Plot 2B
41,40,1.5,1,9,Plot 2B
42,45,1.7,1,9,Plot 2B
43,43,1.6,2,9,Plot 2B
44,62,1.7,2,9,Plot 2B
45,48,1.5,2,9,Plot 2B
46,51,1.7,1,9,Plot 2B
47,54,1.7,1,9,Plot 2B
48,48,1.3,2,9,Plot 2B
49,53,1.6,1,9,Plot 2B
50,50,1.5,2,9,Plot 2B
1,54,1.7,3,10,Plot 2B
2,44,1.7,3,10,Plot 2B
3,49,1.8,3,10,Plot 2B
4,52,1.4,2,10,Plot 2B
5,52,1.5,2,10,Plot 2B
6,55,2,3,10,Plot 2B
7,60,1.6,4,10,Plot 2B
8,54,1.3,2,10,Plot 2B
9,50,1.9,2,10,Plot 2B
10,60,2,2,10,Plot 2B
11,55,2.3,2,10,Plot 2B
12,55,1.3,2,10,Plot 2B
13,54,1.8,2,10,Plot 2B
14,59,2.2,2,10,Plot 2B
15,54,2.2,2,10,Plot 2B
16,54,2.5,3,10,Plot 2B
17,46,2.5,3,10,Plot 2B
18,59,2.3,2,10,Plot 2B
19,48,1.8,2,10,Plot 2B
20,60,1.7,2,10,Plot 2B
21,70,2.4,5,10,Plot 2B
22,55,2,2,10,Plot 2B
23,54,1.4,2,10,Plot 2B
24,56,1.4,2,10,Plot 2B
25,43,1.8,2,10,Plot 2B
26,56,2,2,10,Plot 2B
27,47,1.7,2,10,Plot 2B
28,47,1.4,2,10,Plot 2B
29,70,2.4,4,10,Plot 2B
30,56,2.3,2,10,Plot 2B
31,54,2.4,2,10,Plot 2B
32,77,2.7,4,10,Plot 2B
33,72,3,4,10,Plot 2B
34,58,1.2,2,10,Plot 2B
35,55,1.2,2,10,Plot 2B
36,51,1.4,2,10,Plot 2B
37,52,2.4,2,10,Plot 2B
38,56,1.8,2,10,Plot 2B
39,45,1.8,2,10,Plot 2B
40,60,2.4,3,10,Plot 2B
41,43,1.6,2,10,Plot 2B
42,47,1.9,2,10,Plot 2B
43,45,2.2,3,10,Plot 2B
44,66,1.9,2,10,Plot 2B
45,50,1.7,2,10,Plot 2B
46,54,1.9,2,10,Plot 2B
47,57,1.9,3,10,Plot 2B
48,50,1.4,2,10,Plot 2B
49,59,1.8,2,10,Plot 2B
50,53,1.6,2,10,Plot 2B
1,57,1.7,3,11,Plot 2B
2,46,1.8,3,11,Plot 2B
3,54,1.9,3,11,Plot 2B
4,54,1.5,3,11,Plot 2B
5,54,1.5,2,11,Plot 2B
6,63,2.1,3,11,Plot 2B
7,65,1.8,4,11,Plot 2B
8,55,1.3,2,11,Plot 2B
9,53,2.1,3,11,Plot 2B
10,65,2.2,3,11,Plot 2B
11,57,2.4,3,11,Plot 2B
12,58,1.3,2,11,Plot 2B
13,58,1.8,3,11,Plot 2B
14,64,2.2,3,11,Plot 2B
15,57,2.3,2,11,Plot 2B
16,58,2.6,4,11,Plot 2B
17,48,2.5,4,11,Plot 2B
18,64,2.3,2,11,Plot 2B
19,50,2,2,11,Plot 2B
20,63,1.9,2,11,Plot 2B
21,81,2.5,5,11,Plot 2B
22,59,2.1,2,11,Plot 2B
23,57,1.4,2,11,Plot 2B
24,59,1.5,2,11,Plot 2B
25,44,1.8,2,11,Plot 2B
26,58,2.3,3,11,Plot 2B
27,49,1.8,2,11,Plot 2B
28,49,1.5,2,11,Plot 2B
29,76,2.5,4,11,Plot 2B
30,58,2.4,3,11,Plot 2B
31,57,2.5,2,11,Plot 2B
32,86,3,4,11,Plot 2B
33,83,3.2,4,11,Plot 2B
34,61,1.1,2,11,Plot 2B
35,58,1.3,2,11,Plot 2B
36,53,1.5,3,11,Plot 2B
37,55,2.7,3,11,Plot 2B
38,59,2,2,11,Plot 2B
39,46,2,2,11,Plot 2B
40,67,2.5,4,11,Plot 2B
41,47,1.7,2,11,Plot 2B
42,50,2,2,11,Plot 2B
43,46,2.2,3,11,Plot 2B
44,70,2,2,11,Plot 2B
45,52,1.9,2,11,Plot 2B
46,57,2,2,11,Plot 2B
47,60,2.1,3,11,Plot 2B
48,53,1.5,2,11,Plot 2B
49,63,1.8,2,11,Plot 2B
50,56,1.8,2,11,Plot 2B
1,59,1.8,4,12,Plot 2B
2,48,1.8,3,12,Plot 2B
3,56,2.1,4,12,Plot 2B
4,57,1.7,3,12,Plot 2B
5,57,1.6,3,12,Plot 2B
6,67,2.2,4,12,Plot 2B
7,67,2,4,12,Plot 2B
8,55,1.4,3,12,Plot 2B
9,56,2.3,4,12,Plot 2B
10,69,2.5,4,12,Plot 2B
11,60,2.6,4,12,Plot 2B
12,61,1.4,2,12,Plot 2B
13,61,1.8,3,12,Plot 2B
14,66,2.4,4,12,Plot 2B
15,60,2.4,3,12,Plot 2B
16,62,2.8,5,12,Plot 2B
17,50,2.7,3,12,Plot 2B
18,69,2.5,2,12,Plot 2B
19,51,2.2,2,12,Plot 2B
20,66,2,2,12,Plot 2B
21,86,2.6,6,12,Plot 2B
22,62,2.3,3,12,Plot 2B
23,61,1.7,2,12,Plot 2B
24,62,1.6,2,12,Plot 2B
25,46,1.8,3,12,Plot 2B
26,66,2.5,4,12,Plot 2B
27,51,2,3,12,Plot 2B
28,51,1.6,2,12,Plot 2B
29,80,2.7,5,12,Plot 2B
30,60,2.4,3,12,Plot 2B
31,60,2.6,3,12,Plot 2B
32,91,3.2,5,12,Plot 2B
33,89,3.6,5,12,Plot 2B
34,64,1.1,3,12,Plot 2B
35,62,1.3,3,12,Plot 2B
36,55,1.6,2,12,Plot 2B
37,58,2.9,3,12,Plot 2B
38,62,2.2,2,12,Plot 2B
39,47,2.2,2,12,Plot 2B
40,70,2.7,5,12,Plot 2B
41,50,1.7,2,12,Plot 2B
42,52,2,2,12,Plot 2B
43,48,2.4,4,12,Plot 2B
44,75,2.1,2,12,Plot 2B
45,55,2,2,12,Plot 2B
46,60,2.4,2,12,Plot 2B
47,64,2.2,3,12,Plot 2B
48,56,1.6,2,12,Plot 2B
49,65,1.8,2,12,Plot 2B
50,61,2,2,12,Plot 2B
1,62,1.9,4,13,Plot 2B
2,51,2,3,13,Plot 2B
3,59,2.3,4,13,Plot 2B
4,62,1.8,4,13,Plot 2B
5,59,1.8,5,13,Plot 2B
6,72,2.4,4,13,Plot 2B
7,70,2.1,4,13,Plot 2B
8,62,1.6,2,13,Plot 2B
9,63,2.8,3,13,Plot 2B
10,73,2.7,4,13,Plot 2B
11,63,2.8,4,13,Plot 2B
12,64,1.5,3,13,Plot 2B
13,64,1.9,3,13,Plot 2B
14,72,2.5,4,13,Plot 2B
15,63,2.6,5,13,Plot 2B
16,66,3,5,13,Plot 2B
17,53,3,4,13,Plot 2B
18,74,2.7,2,13,Plot 2B
19,53,2.4,2,13,Plot 2B
20,69,2.2,2,13,Plot 2B
21,89,2.7,6,13,Plot 2B
22,66,2.4,4,13,Plot 2B
23,67,1.7,3,13,Plot 2B
24,64,1.7,3,13,Plot 2B
25,48,2,3,13,Plot 2B
26,70,2.5,4,13,Plot 2B
27,53,2.1,3,13,Plot 2B
28,54,1.8,4,13,Plot 2B
29,92,3.1,5,13,Plot 2B
30,63,2.5,3,13,Plot 2B
31,63,2.8,4,13,Plot 2B
32,92,3.4,6,13,Plot 2B
33,94,3.7,6,13,Plot 2B
34,66,1.1,4,13,Plot 2B
35,65,1.5,3,13,Plot 2B
36,57,1.7,3,13,Plot 2B
37,61,3.2,4,13,Plot 2B
38,64,2.4,3,13,Plot 2B
39,48,2.4,2,13,Plot 2B
40,74,3,5,13,Plot 2B
41,53,1.8,2,13,Plot 2B
42,55,2.1,3,13,Plot 2B
43,50,2.7,4,13,Plot 2B
44,79,2.2,3,13,Plot 2B
45,55,2.2,3,13,Plot 2B
46,62,2.6,3,13,Plot 2B
47,67,2.2,4,13,Plot 2B
48,57,1.7,3,13,Plot 2B
49,70,1.8,2,13,Plot 2B
50,62,2.2,3,13,Plot 2B
1,62,2.4,4,14,Plot 2B
2,53,2.5,4,14,Plot 2B
3,61,2.5,4,14,Plot 2B
4,62,2,4,14,Plot 2B
5,59,1.9,5,14,Plot 2B
6,76,3,5,14,Plot 2B
7,73,2.2,5,14,Plot 2B
8,64,2,3,14,Plot 2B
9,65,3.1,4,14,Plot 2B
10,77,2.9,6,14,Plot 2B
11,63,3.1,5,14,Plot 2B
12,66,1.6,4,14,Plot 2B
13,68,2,4,14,Plot 2B
14,81,2.6,5,14,Plot 2B
15,63,2.8,5,14,Plot 2B
16,70,3,6,14,Plot 2B
17,58,3.1,4,14,Plot 2B
18,78,2.8,2,14,Plot 2B
19,53,2.5,2,14,Plot 2B
20,69,2.4,2,14,Plot 2B
21,93,2.8,5,14,Plot 2B
22,66,2.4,6,14,Plot 2B
23,67,1.7,4,14,Plot 2B
24,64,2,4,14,Plot 2B
25,48,2.1,4,14,Plot 2B
26,75,2.7,4,14,Plot 2B
27,53,2.3,4,14,Plot 2B
28,54,1.9,6,14,Plot 2B
29,96,3.3,4,14,Plot 2B
30,63,2.7,4,14,Plot 2B
31,63,3,5,14,Plot 2B
32,94,3.6,6,14,Plot 2B
33,99,4,6,14,Plot 2B
34,69,1.2,5,14,Plot 2B
35,68,1.6,4,14,Plot 2B
36,57,1.8,4,14,Plot 2B
37,61,3.4,5,14,Plot 2B
38,68,2.6,4,14,Plot 2B
39,48,2.6,3,14,Plot 2B
40,76,3.2,6,14,Plot 2B
41,53,1.8,3,14,Plot 2B
42,55,2.1,3,14,Plot 2B
43,50,2.7,4,14,Plot 2B
44,83,2.3,4,14,Plot 2B
45,55,2.4,3,14,Plot 2B
46,66,2.8,4,14,Plot 2B
47,69,2.4,4,14,Plot 2B
48,59,1.8,3,14,Plot 2B
49,75,2.1,3,14,Plot 2B
50,62,2.3,3,14,Plot 2B
1,67,2.7,5,15,Plot 2B
2,55,2.7,4,15,Plot 2B
3,61,2.7,5,15,Plot 2B
4,65,2.1,5,15,Plot 2B
5,64,2,5,15,Plot 2B
6,80,3.3,6,15,Plot 2B
7,76,2.3,6,15,Plot 2B
8,62,2.4,4,15,Plot 2B
9,65,3.5,4,15,Plot 2B
10,82,3.2,6,15,Plot 2B
11,68,3.3,5,15,Plot 2B
12,70,1.7,4,15,Plot 2B
13,70,2.2,5,15,Plot 2B
14,88,2.9,6,15,Plot 2B
15,68,3,5,15,Plot 2B
16,75,3.1,8,15,Plot 2B
17,57,3.3,5,15,Plot 2B
18,94,3,6,15,Plot 2B
19,56,2.7,3,15,Plot 2B
20,74,2.5,2,15,Plot 2B
21,97,2.8,8,15,Plot 2B
22,73,2.6,6,15,Plot 2B
23,75,1.8,4,15,Plot 2B
24,70,2.2,5,15,Plot 2B
25,51,2.3,4,15,Plot 2B
26,80,2.8,4,15,Plot 2B
27,57,2.4,4,15,Plot 2B
28,58,2,6,15,Plot 2B
29,102,3.4,6,15,Plot 2B
30,67,3,4,15,Plot 2B
31,69,3.1,5,15,Plot 2B
32,100,3.8,6,15,Plot 2B
33,104,4.2,6,15,Plot 2B
34,72,1.6,5,15,Plot 2B
35,73,1.8,4,15,Plot 2B
36,61,2,4,15,Plot 2B
37,67,3.7,5,15,Plot 2B
38,72,2.8,4,15,Plot 2B
39,51,2.7,3,15,Plot 2B
40,81,3.2,6,15,Plot 2B
41,59,1.8,3,15,Plot 2B
42,60,2.1,3,15,Plot 2B
43,54,2.7,4,15,Plot 2B
44,88,2.3,5,15,Plot 2B
45,59,2.5,4,15,Plot 2B
46,68,3,4,15,Plot 2B
47,73,2.6,4,15,Plot 2B
48,62,2,3,15,Plot 2B
49,76,2.2,4,15,Plot 2B
50,68,2.3,3,15,Plot 2B
1,69,3,5,16,Plot 2B
2,57,2.8,4,16,Plot 2B
3,64,3.1,5,16,Plot 2B
4,68,2.3,5,16,Plot 2B
5,66,2.2,5,16,Plot 2B
6,84,3.7,6,16,Plot 2B
7,78,2.4,6,16,Plot 2B
8,65,2.6,6,16,Plot 2B
9,68,3.7,4,16,Plot 2B
10,86,3.3,6,16,Plot 2B
11,71,3.6,5,16,Plot 2B
12,73,1.9,5,16,Plot 2B
13,74,2.4,5,16,Plot 2B
14,92,3.1,6,16,Plot 2B
15,71,3,5,16,Plot 2B
16,79,3.2,8,16,Plot 2B
17,59,3.4,5,16,Plot 2B
18,100,3.2,6,16,Plot 2B
19,58,2.9,5,16,Plot 2B
20,77,2.7,4,16,Plot 2B
21,101,3,8,16,Plot 2B
22,76,2.8,6,16,Plot 2B
23,75,2,5,16,Plot 2B
24,73,2.4,5,16,Plot 2B
25,52,2.4,4,16,Plot 2B
26,85,3,5,16,Plot 2B
27,59,2.2,5,16,Plot 2B
28,60,2.1,6,16,Plot 2B
29,111,3.5,7,16,Plot 2B
30,69,3.2,4,16,Plot 2B
31,72,3.3,5,16,Plot 2B
32,106,3.8,6,16,Plot 2B
33,108,4.4,6,16,Plot 2B
34,75,1.7,5,16,Plot 2B
35,76,1.9,4,16,Plot 2B
36,63,2.1,4,16,Plot 2B
37,70,4,5,16,Plot 2B
38,74,3,4,16,Plot 2B
39,52,2.9,3,16,Plot 2B
40,85,3.4,6,16,Plot 2B
41,63,2,3,16,Plot 2B
42,62,2.2,3,16,Plot 2B
43,55,2.8,4,16,Plot 2B
44,92,2.5,5,16,Plot 2B
45,61,2.7,4,16,Plot 2B
46,71,3.3,4,16,Plot 2B
47,77,2.9,4,16,Plot 2B
48,65,2.1,3,16,Plot 2B
49,80,2.4,4,16,Plot 2B
50,71,2.5,3,16,Plot 2B
1,71,3,5,17,Plot 2B
2,57,2.8,4,17,Plot 2B
3,65,3.1,5,17,Plot 2B
4,70,2.4,5,17,Plot 2B
5,69,2.2,5,17,Plot 2B
6,88,4,6,17,Plot 2B
7,80,2.5,6,17,Plot 2B
8,65,2.8,5,17,Plot 2B
9,68,2.9,4,17,Plot 2B
10,86,3.6,6,17,Plot 2B
11,73,3.8,5,17,Plot 2B
12,76,2,5,17,Plot 2B
13,77,2.6,5,17,Plot 2B
14,95,3.5,6,17,Plot 2B
15,74,3.2,5,17,Plot 2B
16,83,3.6,8,17,Plot 2B
17,61,3.4,5,17,Plot 2B
18,106,3.7,8,17,Plot 2B
19,60,3.3,5,17,Plot 2B
20,79,2.9,4,17,Plot 2B
21,108,3.8,8,17,Plot 2B
22,76,3.1,6,17,Plot 2B
23,77,2.1,5,17,Plot 2B
24,76,2.4,5,17,Plot 2B
25,54,3.2,4,17,Plot 2B
26,87,3.3,5,17,Plot 2B
27,61,2.4,5,17,Plot 2B
28,62,2.2,6,17,Plot 2B
29,114,4,8,17,Plot 2B
30,72,3.5,4,17,Plot 2B
31,75,3.6,5,17,Plot 2B
32,111,4,6,17,Plot 2B
33,113,4.6,6,17,Plot 2B
34,78,1.8,5,17,Plot 2B
35,80,2,4,17,Plot 2B
36,65,2.2,3,17,Plot 2B
37,73,4.2,5,17,Plot 2B
38,76,3.2,4,17,Plot 2B
39,54,3.1,2,17,Plot 2B
40,87,3.6,5,17,Plot 2B
41,66,2,3,17,Plot 2B
42,65,2.2,3,17,Plot 2B
43,57,2.5,3,17,Plot 2B
44,96,3.5,5,17,Plot 2B
45,63,2.9,4,17,Plot 2B
46,74,3.5,4,17,Plot 2B
47,80,3.2,4,17,Plot 2B
48,67,2.2,3,17,Plot 2B
49,83,2.7,4,17,Plot 2B
50,74,2.6,3,17,Plot 2B
1,72,3,5,18,Plot 2B
2,58,2.8,4,18,Plot 2B
3,66,3.1,5,18,Plot 2B
4,72,2.4,6,18,Plot 2B
5,71,2.2,5,18,Plot 2B
6,90,4,5,18,Plot 2B
7,80,2.5,6,18,Plot 2B
8,65,2.8,5,18,Plot 2B
9,68,2.9,4,18,Plot 2B
10,88,3.6,6,18,Plot 2B
11,75,4,5,18,Plot 2B
12,79,2.4,5,18,Plot 2B
13,80,2.6,5,18,Plot 2B
14,102,4.2,5,18,Plot 2B
15,78,3.2,5,18,Plot 2B
16,86,3.6,8,18,Plot 2B
17,62,3.4,5,18,Plot 2B
18,110,4.2,8,18,Plot 2B
19,60,3.3,5,18,Plot 2B
20,82,2.9,4,18,Plot 2B
21,112,3.8,7,18,Plot 2B
22,76,3.1,4,18,Plot 2B
23,77,2.1,4,18,Plot 2B
24,76,2.4,5,18,Plot 2B
25,54,3.2,4,18,Plot 2B
26,90,3.3,5,18,Plot 2B
27,63,2.4,5,18,Plot 2B
28,62,2.2,6,18,Plot 2B
29,121,4.4,7,18,Plot 2B
30,72,3.5,4,18,Plot 2B
31,75,3.6,5,18,Plot 2B
32,115,4.2,6,18,Plot 2B
33,118,5,6,18,Plot 2B
34,78,1.8,5,18,Plot 2B
35,80,2.4,4,18,Plot 2B
36,65,2.2,3,18,Plot 2B
37,73,4.2,5,18,Plot 2B
38,76,3.2,4,18,Plot 2B
39,56,3.1,2,18,Plot 2B
40,90,3.6,5,18,Plot 2B
41,68,2,3,18,Plot 2B
42,65,2.2,3,18,Plot 2B
43,57,2.5,3,18,Plot 2B
44,100,3.5,5,18,Plot 2B
45,63,2.9,4,18,Plot 2B
46,74,3.5,4,18,Plot 2B
47,80,3.2,4,18,Plot 2B
48,67,2.2,3,18,Plot 2B
49,83,2.7,4,18,Plot 2B
50,74,2.8,3,18,Plot 2B
1,74,3,5,19,Plot 2B
2,58,2.8,5,19,Plot 2B
3,68,3.1,5,19,Plot 2B
4,72,2.4,6,19,Plot 2B
5,72,2.2,5,19,Plot 2B
6,90,4,5,19,Plot 2B
7,80,2.5,6,19,Plot 2B
8,65,2.8,5,19,Plot 2B
9,68,2.9,4,19,Plot 2B
10,88,3.6,6,19,Plot 2B
11,79,4,5,19,Plot 2B
12,81,2.4,4,19,Plot 2B
13,82,2.6,5,19,Plot 2B
14,106,4.2,4,19,Plot 2B
15,74,3.2,5,19,Plot 2B
16,83,3.6,7,19,Plot 2B
17,61,3.4,5,19,Plot 2B
18,106,4.2,7,19,Plot 2B
19,60,3.3,5,19,Plot 2B
20,79,2.9,4,19,Plot 2B
21,116,3.8,7,19,Plot 2B
22,76,3.1,5,19,Plot 2B
23,77,2.1,4,19,Plot 2B
24,76,2.4,4,19,Plot 2B
25,54,3.2,4,19,Plot 2B
26,87,3.3,5,19,Plot 2B
27,64,2.4,4,19,Plot 2B
28,62,2.2,6,19,Plot 2B
29,126,4.4,7,19,Plot 2B
30,78,3.5,4,19,Plot 2B
31,75,3.6,5,19,Plot 2B
32,120,4.2,6,19,Plot 2B
33,124,5,5,19,Plot 2B
34,78,1.8,4,19,Plot 2B
35,80,2.4,4,19,Plot 2B
36,65,2.2,2,19,Plot 2B
37,73,4.2,4,19,Plot 2B
38,76,3.2,4,19,Plot 2B
39,58,3.1,2,19,Plot 2B
40,87,3.6,5,19,Plot 2B
41,70,2,3,19,Plot 2B
42,65,2.2,3,19,Plot 2B
43,57,2.5,3,19,Plot 2B
44,102,3.5,5,19,Plot 2B
45,65,2.9,4,19,Plot 2B
46,74,3.5,4,19,Plot 2B
47,80,3.2,4,19,Plot 2B
48,67,2.2,3,19,Plot 2B
49,83,2.7,4,19,Plot 2B
50,74,2.8,3,19,Plot 2B
1,75,3.2,6,20,Plot 2B
2,60,3,4,20,Plot 2B
3,68,3.6,5,20,Plot 2B
4,75,2.7,6,20,Plot 2B
5,74,2.3,5,20,Plot 2B
6,95,4.2,5,20,Plot 2B
7,83,2.6,6,20,Plot 2B
8,67,2.9,5,20,Plot 2B
9,71,3.1,4,20,Plot 2B
10,93,4,7,20,Plot 2B
11,78,4.2,5,20,Plot 2B
12,82,2.5,5,20,Plot 2B
13,83,2.7,5,20,Plot 2B
14,106,4.4,5,20,Plot 2B
15,80,3.4,5,20,Plot 2B
16,91,3.8,8,20,Plot 2B
17,64,3.6,5,20,Plot 2B
18,116,4.4,8,20,Plot 2B
19,62,3.5,5,20,Plot 2B
20,85,3.3,4,20,Plot 2B
21,117,4,7,20,Plot 2B
22,79,3.3,4,20,Plot 2B
23,80,2.2,4,20,Plot 2B
24,79,2.5,5,20,Plot 2B
25,56,3.3,4,20,Plot 2B
26,94,3.6,5,20,Plot 2B
27,65,2.5,5,20,Plot 2B
28,64,2.4,6,20,Plot 2B
29,127,4.7,7,20,Plot 2B
30,74,3.7,4,20,Plot 2B
31,79,3.8,5,20,Plot 2B
32,121,4.4,6,20,Plot 2B
33,124,5.3,6,20,Plot 2B
34,81,1.9,5,20,Plot 2B
35,83,2.5,4,20,Plot 2B
36,67,2.3,3,20,Plot 2B
37,76,4.4,5,20,Plot 2B
38,79,3.4,4,20,Plot 2B
39,57,3.4,2,20,Plot 2B
40,94,3.8,5,20,Plot 2B
41,72,2.1,3,20,Plot 2B
42,69,2.3,3,20,Plot 2B
43,59,2.6,3,20,Plot 2B
44,104,3.7,5,20,Plot 2B
45,65,3.3,4,20,Plot 2B
46,78,4,4,20,Plot 2B
47,85,3.4,4,20,Plot 2B
48,69,2.3,3,20,Plot 2B
49,89,2.9,4,20,Plot 2B
50,78,2.9,3,20,Plot 2B
1,75,3.3,6,21,Plot 2B
2,61,3.1,4,21,Plot 2B
3,69,3.9,6,21,Plot 2B
4,75,2.8,6,21,Plot 2B
5,74,2.4,5,21,Plot 2B
6,95,4.5,6,21,Plot 2B
7,84,2.7,7,21,Plot 2B
8,69,3,5,21,Plot 2B
9,71,3.2,4,21,Plot 2B
10,93,4.2,7,21,Plot 2B
11,78,4.6,6,21,Plot 2B
12,83,2.7,6,21,Plot 2B
13,84,2.9,6,21,Plot 2B
14,107,4.7,5,21,Plot 2B
15,82,3.5,6,21,Plot 2B
16,91,4,9,21,Plot 2B
17,65,3.8,6,21,Plot 2B
18,116,4.7,9,21,Plot 2B
19,63,3.7,5,21,Plot 2B
20,86,3.3,4,21,Plot 2B
21,118,4.2,8,21,Plot 2B
22,80,3.4,4,21,Plot 2B
23,80,2.3,4,21,Plot 2B
24,80,2.7,6,21,Plot 2B
25,57,3.5,4,21,Plot 2B
26,95,3.7,6,21,Plot 2B
27,66,2.6,5,21,Plot 2B
28,65,2.5,6,21,Plot 2B
29,128,4.9,8,21,Plot 2B
30,76,3.9,4,21,Plot 2B
31,79,4,6,21,Plot 2B
32,121,4.7,7,21,Plot 2B
33,125,5.6,7,21,Plot 2B
34,82,2,5,21,Plot 2B
35,85,2.7,4,21,Plot 2B
36,68,2.4,3,21,Plot 2B
37,77,4.7,6,21,Plot 2B
38,81,3.6,4,21,Plot 2B
39,59,3.6,2,21,Plot 2B
40,94,4,6,21,Plot 2B
41,73,2.2,3,21,Plot 2B
42,68,2.4,3,21,Plot 2B
43,60,2.8,3,21,Plot 2B
44,105,3.9,5,21,Plot 2B
45,66,3.3,4,21,Plot 2B
46,79,4.1,4,21,Plot 2B
47,88,3.5,4,21,Plot 2B
48,71,2.4,3,21,Plot 2B
49,90,3,4,21,Plot 2B
50,80,3.1,3,21,Plot 2B
1,80,3.5,6,22,Plot 2B
2,65,3.3,5,22,Plot 2B
3,73,3.8,6,22,Plot 2B
4,80,3,7,22,Plot 2B
5,79,2.6,5,22,Plot 2B
6,98,4.7,6,22,Plot 2B
7,88,2.8,7,22,Plot 2B
8,72,3.2,5,22,Plot 2B
9,76,3.4,5,22,Plot 2B
10,96,4.4,7,22,Plot 2B
11,83,4.7,6,22,Plot 2B
12,88,2.8,6,22,Plot 2B
13,87,3,6,22,Plot 2B
14,110,4.9,5,22,Plot 2B
15,86,3.7,6,22,Plot 2B
16,94,4.2,9,22,Plot 2B
17,68,4,6,22,Plot 2B
18,120,4.9,9,22,Plot 2B
19,65,4,4,22,Plot 2B
20,91,3.5,3,22,Plot 2B
21,122,4.4,8,22,Plot 2B
22,85,3.6,4,22,Plot 2B
23,85,2.4,4,22,Plot 2B
24,82,2.8,6,22,Plot 2B
25,59,3.7,5,22,Plot 2B
26,97,3.9,6,22,Plot 2B
27,69,2.7,5,22,Plot 2B
28,69,2.7,6,22,Plot 2B
29,133,5.2,8,22,Plot 2B
30,79,4.1,5,22,Plot 2B
31,85,4.2,6,22,Plot 2B
32,126,4.9,7,22,Plot 2B
33,128,5.9,7,22,Plot 2B
34,86,2,5,22,Plot 2B
35,87,2.8,5,22,Plot 2B
36,71,2.5,3,22,Plot 2B
37,80,4.9,6,22,Plot 2B
38,86,3.7,5,22,Plot 2B
39,60,3.7,2,22,Plot 2B
40,96,4.2,6,22,Plot 2B
41,78,2.3,3,22,Plot 2B
42,73,2.5,3,22,Plot 2B
43,62,2.9,3,22,Plot 2B
44,108,4.1,5,22,Plot 2B
45,68,3.5,4,22,Plot 2B
46,83,4.3,5,22,Plot 2B
47,92,3.7,5,22,Plot 2B
48,74,2.5,3,22,Plot 2B
49,93,3.2,4,22,Plot 2B
50,83,3.3,3,22,Plot 2B
1,80,3.7,7,23,Plot 2B
2,66,3.5,5,23,Plot 2B
3,73,4,6,23,Plot 2B
4,81,3.1,7,23,Plot 2B
5,79,2.7,5,23,Plot 2B
6,103,4.9,6,23,Plot 2B
7,90,2.9,7,23,Plot 2B
8,73,3.3,5,23,Plot 2B
9,77,3.6,5,23,Plot 2B
10,101,4.6,8,23,Plot 2B
11,84,5,6,23,Plot 2B
12,90,2.9,6,23,Plot 2B
13,90,3.2,6,23,Plot 2B
14,116,5.2,5,23,Plot 2B
15,87,3.9,6,23,Plot 2B
16,99,4.4,10,23,Plot 2B
17,70,4.2,6,23,Plot 2B
18,127,5.2,10,23,Plot 2B
19,66,4.1,4,23,Plot 2B
20,92,3.7,3,23,Plot 2B
21,128,4.7,9,23,Plot 2B
22,86,3.7,4,23,Plot 2B
23,85,2.5,4,23,Plot 2B
24,85,2.9,6,23,Plot 2B
25,61,3.9,5,23,Plot 2B
26,103,4.1,6,23,Plot 2B
27,71,2.9,5,23,Plot 2B
28,70,2.8,6,23,Plot 2B
29,139,5.4,9,23,Plot 2B
30,80,4.3,5,23,Plot 2B
31,85,4.5,6,23,Plot 2B
32,132,5.2,7,23,Plot 2B
33,136,6.2,7,23,Plot 2B
34,87,2.1,5,23,Plot 2B
35,90,2.9,5,23,Plot 2B
36,72,2.6,3,23,Plot 2B
37,82,5.2,6,23,Plot 2B
38,87,3.9,5,23,Plot 2B
39,62,4,2,23,Plot 2B
40,101,4.4,6,23,Plot 2B
41,79,2.4,4,23,Plot 2B
42,73,2.6,4,23,Plot 2B
43,63,3.1,3,23,Plot 2B
44,114,4.3,5,23,Plot 2B
45,69,3.7,5,23,Plot 2B
46,85,4.5,5,23,Plot 2B
47,92,3.9,5,23,Plot 2B
48,76,2.6,4,23,Plot 2B
49,97,3.3,4,23,Plot 2B
50,84,3.4,4,23,Plot 2B
1,81,3.8,7,24,Plot 2B
2,66,3.6,5,24,Plot 2B
3,74,4.5,6,24,Plot 2B
4,82,3.3,7,24,Plot 2B
5,80,2.8,5,24,Plot 2B
6,105,5.2,6,24,Plot 2B
7,90,3.1,7,24,Plot 2B
8,73,3.4,5,24,Plot 2B
9,78,3.7,5,24,Plot 2B
10,103,4.8,8,24,Plot 2B
11,85,5.2,6,24,Plot 2B
12,91,3.1,6,24,Plot 2B
13,92,3.3,6,24,Plot 2B
14,118,5.4,5,24,Plot 2B
15,88,4.1,6,24,Plot 2B
16,102,4.6,10,24,Plot 2B
17,70,4.4,6,24,Plot 2B
18,131,5.4,10,24,Plot 2B
19,66,4.3,4,24,Plot 2B
20,93,3.8,3,24,Plot 2B
21,131,4.9,9,24,Plot 2B
22,87,3.9,4,24,Plot 2B
23,86,2.6,4,24,Plot 2B
24,86,3,6,24,Plot 2B
25,60,4,5,24,Plot 2B
26,106,4.3,6,24,Plot 2B
27,71,3,5,24,Plot 2B
28,70,2.9,6,24,Plot 2B
29,143,5.7,9,24,Plot 2B
30,80,4.5,5,24,Plot 2B
31,86,4.7,6,24,Plot 2B
32,136,5.4,8,24,Plot 2B
33,140,6.5,8,24,Plot 2B
34,88,2.2,5,24,Plot 2B
35,94,3.1,5,24,Plot 2B
36,72,2.7,3,24,Plot 2B
37,83,5.4,6,24,Plot 2B
38,88,4.1,5,24,Plot 2B
39,61,4.2,2,24,Plot 2B
40,103,4.6,6,24,Plot 2B
41,80,2.5,4,24,Plot 2B
42,74,2.7,4,24,Plot 2B
43,63,3.2,3,24,Plot 2B
44,116,4.5,5,24,Plot 2B
45,69,3.7,5,24,Plot 2B
46,85,4.8,5,24,Plot 2B
47,93,4.1,5,24,Plot 2B
48,76,2.7,4,24,Plot 2B
49,99,3.5,4,24,Plot 2B
50,85,3.6,4,24,Plot 2B
1,82,4,7,25,Plot 2B
2,68,3.7,5,25,Plot 2B
3,75,4.2,6,25,Plot 2B
4,84,3.2,7,25,Plot 2B
5,82,2.8,5,25,Plot 2B
6,108,5.1,6,25,Plot 2B
7,92,3,7,25,Plot 2B
8,75,3.4,5,25,Plot 2B
9,80,3.8,5,25,Plot 2B
10,106,4.8,8,25,Plot 2B
11,86,5.2,6,25,Plot 2B
12,93,3,6,25,Plot 2B
13,93,3.3,6,25,Plot 2B
14,120,5.4,5,25,Plot 2B
15,91,4.1,6,25,Plot 2B
16,105,4.6,10,25,Plot 2B
17,72,4.4,6,25,Plot 2B
18,134,5.4,10,25,Plot 2B
19,68,4.3,4,25,Plot 2B
20,95,3.8,3,25,Plot 2B
21,133,4.9,9,25,Plot 2B
22,89,3.8,4,25,Plot 2B
23,87,2.6,4,25,Plot 2B
24,88,3,6,25,Plot 2B
25,63,4.1,5,25,Plot 2B
26,108,4.3,6,25,Plot 2B
27,73,3,5,25,Plot 2B
28,72,2.9,6,25,Plot 2B
29,144,5.7,9,25,Plot 2B
30,83,4.5,5,25,Plot 2B
31,89,4.8,6,25,Plot 2B
32,137,5.4,7,25,Plot 2B
33,141,6.5,7,25,Plot 2B
34,90,2.2,5,25,Plot 2B
35,97,3,5,25,Plot 2B
36,74,2.7,3,25,Plot 2B
37,85,5.4,6,25,Plot 2B
38,90,4.1,5,25,Plot 2B
39,63,4.1,2,25,Plot 2B
40,106,4.6,6,25,Plot 2B
41,83,2.5,4,25,Plot 2B
42,76,2.7,4,25,Plot 2B
43,65,3.2,3,25,Plot 2B
44,119,4.5,5,25,Plot 2B
45,71,3.8,5,25,Plot 2B
46,88,4.7,5,25,Plot 2B
47,96,4.1,5,25,Plot 2B
48,78,2.7,4,25,Plot 2B
49,101,3.4,4,25,Plot 2B
50,87,3.5,4,25,Plot 2B
1,85,4.1,7,26,Plot 2B
2,70,3.8,5,26,Plot 2B
3,77,4.4,6,26,Plot 2B
4,86,3.4,8,26,Plot 2B
5,84,2.9,5,26,Plot 2B
6,112,5.3,6,26,Plot 2B
7,95,3.1,8,26,Plot 2B
8,77,3.5,5,26,Plot 2B
9,82,3.9,5,26,Plot 2B
10,109,5,8,26,Plot 2B
11,89,5.4,6,26,Plot 2B
12,96,3.1,6,26,Plot 2B
13,96,3.5,7,26,Plot 2B
14,124,5.7,5,26,Plot 2B
15,94,4.2,6,26,Plot 2B
16,108,4.8,11,26,Plot 2B
17,74,4.6,7,26,Plot 2B
18,138,5.7,11,26,Plot 2B
19,69,4.5,4,26,Plot 2B
20,97,4,3,26,Plot 2B
21,137,5.1,10,26,Plot 2B
22,92,4,4,26,Plot 2B
23,90,2.7,4,26,Plot 2B
24,90,3.1,6,26,Plot 2B
25,64,4.2,5,26,Plot 2B
26,112,4.4,6,26,Plot 2B
27,75,3.1,5,26,Plot 2B
28,74,3,6,26,Plot 2B
29,150,5.9,10,26,Plot 2B
30,84,4.7,5,26,Plot 2B
31,91,5,6,26,Plot 2B
32,142,5.7,8,26,Plot 2B
33,147,6.8,8,26,Plot 2B
34,92,2.3,5,26,Plot 2B
35,98,3.2,5,26,Plot 2B
36,76,2.8,3,26,Plot 2B
37,87,5.7,6,26,Plot 2B
38,93,4.2,5,26,Plot 2B
39,65,4.3,2,26,Plot 2B
40,108,4.8,6,26,Plot 2B
41,85,2.6,4,26,Plot 2B
42,78,2.8,4,26,Plot 2B
43,66,3.4,3,26,Plot 2B
44,123,4.7,5,26,Plot 2B
45,73,4,5,26,Plot 2B
46,90,4.9,5,26,Plot 2B
47,99,4.2,5,26,Plot 2B
48,80,2.8,4,26,Plot 2B
49,105,3.6,4,26,Plot 2B
50,90,3.7,4,26,Plot 2B
1,87,4.3,8,27,Plot 2B
2,72,4,6,27,Plot 2B
3,79,4.5,7,27,Plot 2B
4,88,3.5,8,27,Plot 2B
5,87,3,5,27,Plot 2B
6,116,5.6,7,27,Plot 2B
7,98,3.2,8,27,Plot 2B
8,79,3.7,5,27,Plot 2B
9,84,4.1,6,27,Plot 2B
10,113,5.2,9,27,Plot 2B
11,92,5.7,7,27,Plot 2B
12,99,3.3,7,27,Plot 2B
13,99,3.6,7,27,Plot 2B
14,128,5.9,5,27,Plot 2B
15,96,4.4,7,27,Plot 2B
16,112,5,11,27,Plot 2B
17,76,4.8,7,27,Plot 2B
18,144,5.9,11,27,Plot 2B
19,71,4.7,4,27,Plot 2B
20,100,4.1,3,27,Plot 2B
21,142,5.3,10,27,Plot 2B
22,94,4.2,4,27,Plot 2B
23,92,2.8,4,27,Plot 2B
24,93,3.3,7,27,Plot 2B
25,66,4.4,6,27,Plot 2B
26,116,4.6,7,27,Plot 2B
27,77,3.2,6,27,Plot 2B
28,76,3.1,6,27,Plot 2B
29,155,6.2,10,27,Plot 2B
30,87,4.9,6,27,Plot 2B
31,94,5.2,7,27,Plot 2B
32,147,5.9,8,27,Plot 2B
33,152,7.1,8,27,Plot 2B
34,95,2.3,5,27,Plot 2B
35,102,3.3,6,27,Plot 2B
36,78,2.9,3,27,Plot 2B
37,90,5.9,7,27,Plot 2B
38,96,4.4,6,27,Plot 2B
39,66,4.5,2,27,Plot 2B
40,112,5,7,27,Plot 2B
41,89,2.7,4,27,Plot 2B
42,81,2.9,4,27,Plot 2B
43,68,3.5,3,27,Plot 2B
44,127,4.9,5,27,Plot 2B
45,74,4.2,5,27,Plot 2B
46,93,5.1,6,27,Plot 2B
47,102,4.4,5,27,Plot 2B
48,83,2.9,4,27,Plot 2B
49,108,3.7,4,27,Plot 2B
50,92,3.8,4,27,Plot 2B
1,89,4.4,8,28,Plot 2B
2,74,4.1,6,28,Plot 2B
3,81,4.7,7,28,Plot 2B
4,91,3.7,8,28,Plot 2B
5,89,3.2,5,28,Plot 2B
6,119,5.8,7,28,Plot 2B
7,100,3.4,8,28,Plot 2B
8,81,3.8,5,28,Plot 2B
9,87,4.2,6,28,Plot 2B
10,116,5.4,9,28,Plot 2B
11,94,5.9,7,28,Plot 2B
12,102,3.4,7,28,Plot 2B
13,102,3.7,7,28,Plot 2B
14,131,6.1,5,28,Plot 2B
15,99,4.6,7,28,Plot 2B
16,116,5.2,12,28,Plot 2B
17,78,4.9,7,28,Plot 2B
18,149,6.1,12,28,Plot 2B
19,72,4.9,4,28,Plot 2B
20,103,4.3,3,28,Plot 2B
21,146,5.5,10,28,Plot 2B
22,97,4.3,4,28,Plot 2B
23,94,2.9,4,28,Plot 2B
24,95,3.4,7,28,Plot 2B
25,67,4.6,6,28,Plot 2B
26,120,4.8,7,28,Plot 2B
27,79,3.3,6,28,Plot 2B
28,78,3.2,6,28,Plot 2B
29,160,6.4,11,28,Plot 2B
30,89,5.1,6,28,Plot 2B
31,96,5.4,7,28,Plot 2B
32,152,6.1,8,28,Plot 2B
33,157,7.4,8,28,Plot 2B
34,97,2.4,5,28,Plot 2B
35,104,3.4,6,28,Plot 2B
36,79,3,3,28,Plot 2B
37,92,6.1,7,28,Plot 2B
38,99,4.6,6,28,Plot 2B
39,68,4.7,2,28,Plot 2B
40,115,5.2,7,28,Plot 2B
41,91,2.8,5,28,Plot 2B
42,83,3,5,28,Plot 2B
43,70,3.6,3,28,Plot 2B
44,131,5,5,28,Plot 2B
45,76,4.3,6,28,Plot 2B
46,95,5.3,6,28,Plot 2B
47,105,4.6,6,28,Plot 2B
48,85,3,5,28,Plot 2B
49,112,3.9,4,28,Plot 2B
50,95,4,5,28,Plot 2B
1,91,4.6,8,29,Plot 2B
2,76,4.3,6,29,Plot 2B
3,83,4.9,7,29,Plot 2B
4,94,3.8,9,29,Plot 2B
5,91,3.3,5,29,Plot 2B
6,123,6,7,29,Plot 2B
7,102,3.5,8,29,Plot 2B
8,83,3.9,5,29,Plot 2B
9,90,4.4,6,29,Plot 2B
10,120,5.6,10,29,Plot 2B
11,96,6.1,7,29,Plot 2B
12,105,3.5,7,29,Plot 2B
13,105,3.9,7,29,Plot 2B
14,135,6.4,5,29,Plot 2B
15,102,4.7,7,29,Plot 2B
16,120,5.4,12,29,Plot 2B
17,80,5.1,7,29,Plot 2B
18,154,6.4,12,29,Plot 2B
19,74,5,4,29,Plot 2B
20,106,4.5,3,29,Plot 2B
21,151,5.7,11,29,Plot 2B
22,100,4.5,4,29,Plot 2B
23,96,3,4,29,Plot 2B
24,98,3.5,7,29,Plot 2B
25,69,4.7,6,29,Plot 2B
26,124,5,7,29,Plot 2B
27,81,3.4,6,29,Plot 2B
28,80,3.3,6,29,Plot 2B
29,165,6.7,11,29,Plot 2B
30,91,5.2,6,29,Plot 2B
31,99,5.6,7,29,Plot 2B
32,157,6.4,8,29,Plot 2B
33,163,7.7,8,29,Plot 2B
34,100,2.5,5,29,Plot 2B
35,108,3.5,6,29,Plot 2B
36,81,3.1,3,29,Plot 2B
37,95,6.3,7,29,Plot 2B
38,102,4.7,6,29,Plot 2B
39,69,4.8,2,29,Plot 2B
40,119,5.4,7,29,Plot 2B
41,94,2.9,5,29,Plot 2B
42,85,3.1,5,29,Plot 2B
43,71,3.8,3,29,Plot 2B
44,135,5.2,5,29,Plot 2B
45,77,4.5,6,29,Plot 2B
46,98,5.5,6,29,Plot 2B
47,108,4.7,6,29,Plot 2B
48,87,3.1,5,29,Plot 2B
49,115,4,4,29,Plot 2B
50,98,4.1,5,29,Plot 2B
